Month,Region,Category,Product,Units_Sold,Unit_Price,Discount,Revenue,Month_Label,Quarter,Profit_Margin
2024-01-01,North,Electronics,Laptop,112,986.37,0.13,96111.89,Jan 2024,Q1,0.5402
2024-01-01,North,Electronics,Smartphone,224,210.99,0.01,46789.14,Jan 2024,Q1,0.596
2024-01-01,North,Electronics,Tablet,267,908.1,0.19,196394.79,Jan 2024,Q1,0.5062
2024-01-01,North,Electronics,Headphones,31,157.42,0.01,4831.22,Jan 2024,Q1,0.596
2024-01-01,North,Electronics,Smart Watch,197,534.68,0.15,89532.17,Jan 2024,Q1,0.5294
2024-01-01,North,Apparel,Jacket,140,108.44,0.28,10930.75,Jan 2024,Q1,0.4444
2024-01-01,North,Apparel,Sneakers,23,59.6,0.13,1192.6,Jan 2024,Q1,0.5402
2024-01-01,North,Apparel,T-Shirt,273,138.21,0.09,34335.51,Jan 2024,Q1,0.5604
2024-01-01,North,Apparel,Jeans,63,44.03,0.28,1997.2,Jan 2024,Q1,0.4444
2024-01-01,North,Apparel,Cap,279,62.45,0.29,12370.72,Jan 2024,Q1,0.4366
2024-01-01,North,Home & Living,Sofa,222,502.38,0.08,102606.09,Jan 2024,Q1,0.5652
2024-01-01,North,Home & Living,Lamp,50,38.91,0.12,1712.04,Jan 2024,Q1,0.5455
2024-01-01,North,Home & Living,Curtains,145,432.91,0.23,48334.4,Jan 2024,Q1,0.4805
2024-01-01,North,Home & Living,Cookware Set,270,551.53,0.13,129554.4,Jan 2024,Q1,0.5402
2024-01-01,North,Home & Living,Wall Art,42,215.35,0.19,7326.21,Jan 2024,Q1,0.5062
2024-01-01,North,Sports,Yoga Mat,44,154.55,0.17,5644.17,Jan 2024,Q1,0.5181
2024-01-01,North,Sports,Dumbbells,264,31.07,0.13,7136.16,Jan 2024,Q1,0.5402
2024-01-01,North,Sports,Cycling Gloves,188,106.63,0.27,14633.9,Jan 2024,Q1,0.4521
2024-01-01,North,Sports,Running Shoes,240,24.63,0.09,5379.19,Jan 2024,Q1,0.5604
2024-01-01,North,Sports,Water Bottle,95,30.04,0.14,2454.27,Jan 2024,Q1,0.5349
2024-01-01,South,Electronics,Laptop,117,345.9,0.27,29543.32,Jan 2024,Q1,0.4521
2024-01-01,South,Electronics,Smartphone,240,1102.17,0.11,235423.51,Jan 2024,Q1,0.5506
2024-01-01,South,Electronics,Tablet,268,157.3,0.04,40470.14,Jan 2024,Q1,0.5833
2024-01-01,South,Electronics,Headphones,181,406.33,0.12,64720.24,Jan 2024,Q1,0.5455
2024-01-01,South,Electronics,Smart Watch,61,409.22,0.3,17473.69,Jan 2024,Q1,0.4286
2024-01-01,South,Apparel,Jacket,196,85.35,0.27,12211.88,Jan 2024,Q1,0.4521
2024-01-01,South,Apparel,Sneakers,135,83.63,0.2,9032.04,Jan 2024,Q1,0.5
2024-01-01,South,Apparel,T-Shirt,212,51.48,0.3,7639.63,Jan 2024,Q1,0.4286
2024-01-01,South,Apparel,Jeans,249,39.59,0.26,7294.85,Jan 2024,Q1,0.4595
2024-01-01,South,Apparel,Cap,261,22.16,0.19,4684.85,Jan 2024,Q1,0.5062
2024-01-01,South,Home & Living,Sofa,137,415.14,0.06,53461.73,Jan 2024,Q1,0.5745
2024-01-01,South,Home & Living,Lamp,108,589.84,0.08,58606.5,Jan 2024,Q1,0.5652
2024-01-01,South,Home & Living,Curtains,263,390.87,0.1,92518.93,Jan 2024,Q1,0.5556
2024-01-01,South,Home & Living,Cookware Set,217,474.53,0.03,99883.82,Jan 2024,Q1,0.5876
2024-01-01,South,Home & Living,Wall Art,113,87.84,0.0,9925.92,Jan 2024,Q1,0.6
2024-01-01,South,Sports,Yoga Mat,203,145.31,0.07,27433.07,Jan 2024,Q1,0.5699
2024-01-01,South,Sports,Dumbbells,286,146.98,0.09,38253.01,Jan 2024,Q1,0.5604
2024-01-01,South,Sports,Cycling Gloves,185,56.36,0.29,7402.89,Jan 2024,Q1,0.4366
2024-01-01,South,Sports,Running Shoes,60,105.5,0.17,5253.9,Jan 2024,Q1,0.5181
2024-01-01,South,Sports,Water Bottle,156,198.96,0.14,26692.47,Jan 2024,Q1,0.5349
2024-01-01,East,Electronics,Laptop,55,1110.61,0.13,53142.69,Jan 2024,Q1,0.5402
2024-01-01,East,Electronics,Smartphone,190,750.91,0.06,134112.53,Jan 2024,Q1,0.5745
2024-01-01,East,Electronics,Tablet,170,482.77,0.21,64836.01,Jan 2024,Q1,0.4937
2024-01-01,East,Electronics,Headphones,183,252.04,0.16,38743.59,Jan 2024,Q1,0.5238
2024-01-01,East,Electronics,Smart Watch,282,1041.1,0.09,267167.08,Jan 2024,Q1,0.5604
2024-01-01,East,Apparel,Jacket,35,132.72,0.15,3948.42,Jan 2024,Q1,0.5294
2024-01-01,East,Apparel,Sneakers,182,29.22,0.27,3882.17,Jan 2024,Q1,0.4521
2024-01-01,East,Apparel,T-Shirt,152,32.22,0.14,4211.8,Jan 2024,Q1,0.5349
2024-01-01,East,Apparel,Jeans,72,129.06,0.01,9199.4,Jan 2024,Q1,0.596
2024-01-01,East,Apparel,Cap,280,36.52,0.06,9612.06,Jan 2024,Q1,0.5745
2024-01-01,East,Home & Living,Sofa,14,140.8,0.21,1557.25,Jan 2024,Q1,0.4937
2024-01-01,East,Home & Living,Lamp,153,214.09,0.08,30135.31,Jan 2024,Q1,0.5652
2024-01-01,East,Home & Living,Curtains,101,135.07,0.13,11868.6,Jan 2024,Q1,0.5402
2024-01-01,East,Home & Living,Cookware Set,138,172.64,0.21,18821.21,Jan 2024,Q1,0.4937
2024-01-01,East,Home & Living,Wall Art,246,450.6,0.18,90895.03,Jan 2024,Q1,0.5122
2024-01-01,East,Sports,Yoga Mat,256,32.83,0.1,7564.03,Jan 2024,Q1,0.5556
2024-01-01,East,Sports,Dumbbells,229,143.69,0.14,28298.31,Jan 2024,Q1,0.5349
2024-01-01,East,Sports,Cycling Gloves,227,98.29,0.19,18072.58,Jan 2024,Q1,0.5062
2024-01-01,East,Sports,Running Shoes,259,81.18,0.19,17030.75,Jan 2024,Q1,0.5062
2024-01-01,East,Sports,Water Bottle,105,23.41,0.19,1991.02,Jan 2024,Q1,0.5062
2024-01-01,West,Electronics,Laptop,169,1137.24,0.14,165286.46,Jan 2024,Q1,0.5349
2024-01-01,West,Electronics,Smartphone,188,1011.67,0.06,178782.32,Jan 2024,Q1,0.5745
2024-01-01,West,Electronics,Tablet,294,222.83,0.2,52409.62,Jan 2024,Q1,0.5
2024-01-01,West,Electronics,Headphones,99,484.92,0.08,44166.51,Jan 2024,Q1,0.5652
2024-01-01,West,Electronics,Smart Watch,205,877.53,0.13,156507.48,Jan 2024,Q1,0.5402
2024-01-01,West,Apparel,Jacket,258,75.05,0.22,15103.06,Jan 2024,Q1,0.4872
2024-01-01,West,Apparel,Sneakers,45,120.93,0.26,4026.97,Jan 2024,Q1,0.4595
2024-01-01,West,Apparel,T-Shirt,192,118.09,0.15,19272.29,Jan 2024,Q1,0.5294
2024-01-01,West,Apparel,Jeans,226,136.42,0.27,22506.57,Jan 2024,Q1,0.4521
2024-01-01,West,Apparel,Cap,85,144.38,0.15,10431.45,Jan 2024,Q1,0.5294
2024-01-01,West,Home & Living,Sofa,153,217.34,0.23,25604.83,Jan 2024,Q1,0.4805
2024-01-01,West,Home & Living,Lamp,160,560.63,0.3,62790.56,Jan 2024,Q1,0.4286
2024-01-01,West,Home & Living,Curtains,131,230.02,0.04,28927.32,Jan 2024,Q1,0.5833
2024-01-01,West,Home & Living,Cookware Set,83,507.93,0.07,39207.12,Jan 2024,Q1,0.5699
2024-01-01,West,Home & Living,Wall Art,292,78.36,0.11,20364.2,Jan 2024,Q1,0.5506
2024-01-01,West,Sports,Yoga Mat,154,81.49,0.03,12172.98,Jan 2024,Q1,0.5876
2024-01-01,West,Sports,Dumbbells,191,92.55,0.08,16262.89,Jan 2024,Q1,0.5652
2024-01-01,West,Sports,Cycling Gloves,251,32.33,0.19,6573.01,Jan 2024,Q1,0.5062
2024-01-01,West,Sports,Running Shoes,10,100.77,0.02,987.55,Jan 2024,Q1,0.5918
2024-01-01,West,Sports,Water Bottle,126,18.2,0.27,1674.04,Jan 2024,Q1,0.4521
2024-02-01,North,Electronics,Laptop,222,1192.61,0.16,222397.91,Feb 2024,Q1,0.5238
2024-02-01,North,Electronics,Smartphone,242,377.65,0.12,80424.34,Feb 2024,Q1,0.5455
2024-02-01,North,Electronics,Tablet,21,1156.64,0.1,21860.5,Feb 2024,Q1,0.5556
2024-02-01,North,Electronics,Headphones,131,347.53,0.02,44615.9,Feb 2024,Q1,0.5918
2024-02-01,North,Electronics,Smart Watch,50,422.95,0.12,18609.8,Feb 2024,Q1,0.5455
2024-02-01,North,Apparel,Jacket,229,37.31,0.12,7518.71,Feb 2024,Q1,0.5455
2024-02-01,North,Apparel,Sneakers,206,74.37,0.01,15167.02,Feb 2024,Q1,0.596
2024-02-01,North,Apparel,T-Shirt,128,121.09,0.11,13794.57,Feb 2024,Q1,0.5506
2024-02-01,North,Apparel,Jeans,291,146.09,0.14,36560.48,Feb 2024,Q1,0.5349
2024-02-01,North,Apparel,Cap,108,21.78,0.16,1975.88,Feb 2024,Q1,0.5238
2024-02-01,North,Home & Living,Sofa,142,468.32,0.25,49876.08,Feb 2024,Q1,0.4667
2024-02-01,North,Home & Living,Lamp,154,173.32,0.06,25089.8,Feb 2024,Q1,0.5745
2024-02-01,North,Home & Living,Curtains,297,42.65,0.14,10893.66,Feb 2024,Q1,0.5349
2024-02-01,North,Home & Living,Cookware Set,268,344.59,0.26,68339.09,Feb 2024,Q1,0.4595
2024-02-01,North,Home & Living,Wall Art,121,477.26,0.24,43888.83,Feb 2024,Q1,0.4737
2024-02-01,North,Sports,Yoga Mat,112,122.08,0.12,12032.2,Feb 2024,Q1,0.5455
2024-02-01,North,Sports,Dumbbells,258,128.2,0.26,24475.94,Feb 2024,Q1,0.4595
2024-02-01,North,Sports,Cycling Gloves,142,156.09,0.02,21721.48,Feb 2024,Q1,0.5918
2024-02-01,North,Sports,Running Shoes,78,130.35,0.07,9455.59,Feb 2024,Q1,0.5699
2024-02-01,North,Sports,Water Bottle,120,36.38,0.19,3536.14,Feb 2024,Q1,0.5062
2024-02-01,South,Electronics,Laptop,193,582.24,0.18,92145.3,Feb 2024,Q1,0.5122
2024-02-01,South,Electronics,Smartphone,60,192.91,0.03,11227.36,Feb 2024,Q1,0.5876
2024-02-01,South,Electronics,Tablet,10,711.14,0.1,6400.26,Feb 2024,Q1,0.5556
2024-02-01,South,Electronics,Headphones,82,246.91,0.05,19234.29,Feb 2024,Q1,0.5789
2024-02-01,South,Electronics,Smart Watch,57,214.13,0.06,11473.09,Feb 2024,Q1,0.5745
2024-02-01,South,Apparel,Jacket,216,140.13,0.16,25425.19,Feb 2024,Q1,0.5238
2024-02-01,South,Apparel,Sneakers,163,52.82,0.15,7318.21,Feb 2024,Q1,0.5294
2024-02-01,South,Apparel,T-Shirt,248,132.74,0.03,31931.93,Feb 2024,Q1,0.5876
2024-02-01,South,Apparel,Jeans,128,22.61,0.1,2604.67,Feb 2024,Q1,0.5556
2024-02-01,South,Apparel,Cap,34,97.17,0.15,2808.21,Feb 2024,Q1,0.5294
2024-02-01,South,Home & Living,Sofa,120,347.91,0.17,34651.84,Feb 2024,Q1,0.5181
2024-02-01,South,Home & Living,Lamp,51,398.17,0.11,18072.94,Feb 2024,Q1,0.5506
2024-02-01,South,Home & Living,Curtains,238,158.44,0.15,32052.41,Feb 2024,Q1,0.5294
2024-02-01,South,Home & Living,Cookware Set,104,59.43,0.21,4882.77,Feb 2024,Q1,0.4937
2024-02-01,South,Home & Living,Wall Art,232,552.92,0.29,91076.98,Feb 2024,Q1,0.4366
2024-02-01,South,Sports,Yoga Mat,103,115.78,0.17,9898.03,Feb 2024,Q1,0.5181
2024-02-01,South,Sports,Dumbbells,182,90.83,0.15,14051.4,Feb 2024,Q1,0.5294
2024-02-01,South,Sports,Cycling Gloves,122,26.59,0.15,2757.38,Feb 2024,Q1,0.5294
2024-02-01,South,Sports,Running Shoes,268,22.04,0.3,4134.7,Feb 2024,Q1,0.4286
2024-02-01,South,Sports,Water Bottle,22,10.52,0.04,222.18,Feb 2024,Q1,0.5833
2024-02-01,East,Electronics,Laptop,47,582.43,0.29,19435.69,Feb 2024,Q1,0.4366
2024-02-01,East,Electronics,Smartphone,146,365.25,0.01,52793.24,Feb 2024,Q1,0.596
2024-02-01,East,Electronics,Tablet,276,985.03,0.24,206619.89,Feb 2024,Q1,0.4737
2024-02-01,East,Electronics,Headphones,87,699.22,0.24,46232.43,Feb 2024,Q1,0.4737
2024-02-01,East,Electronics,Smart Watch,113,545.79,0.15,52423.13,Feb 2024,Q1,0.5294
2024-02-01,East,Apparel,Jacket,162,70.89,0.07,10680.29,Feb 2024,Q1,0.5699
2024-02-01,East,Apparel,Sneakers,48,142.18,0.04,6551.65,Feb 2024,Q1,0.5833
2024-02-01,East,Apparel,T-Shirt,24,84.41,0.3,1418.09,Feb 2024,Q1,0.4286
2024-02-01,East,Apparel,Jeans,106,121.21,0.21,10150.13,Feb 2024,Q1,0.4937
2024-02-01,East,Apparel,Cap,14,64.47,0.25,676.93,Feb 2024,Q1,0.4667
2024-02-01,East,Home & Living,Sofa,225,337.72,0.12,66868.56,Feb 2024,Q1,0.5455
2024-02-01,East,Home & Living,Lamp,182,425.55,0.08,71254.09,Feb 2024,Q1,0.5652
2024-02-01,East,Home & Living,Curtains,78,225.24,0.13,15284.79,Feb 2024,Q1,0.5402
2024-02-01,East,Home & Living,Cookware Set,227,378.53,0.26,63585.47,Feb 2024,Q1,0.4595
2024-02-01,East,Home & Living,Wall Art,142,116.95,0.18,13617.66,Feb 2024,Q1,0.5122
2024-02-01,East,Sports,Yoga Mat,60,95.66,0.03,5567.41,Feb 2024,Q1,0.5876
2024-02-01,East,Sports,Dumbbells,119,69.17,0.07,7655.04,Feb 2024,Q1,0.5699
2024-02-01,East,Sports,Cycling Gloves,158,159.68,0.18,20688.14,Feb 2024,Q1,0.5122
2024-02-01,East,Sports,Running Shoes,72,98.48,0.14,6097.88,Feb 2024,Q1,0.5349
2024-02-01,East,Sports,Water Bottle,26,57.16,0.17,1233.51,Feb 2024,Q1,0.5181
2024-02-01,West,Electronics,Laptop,189,589.87,0.19,90303.2,Feb 2024,Q1,0.5062
2024-02-01,West,Electronics,Smartphone,165,373.31,0.17,51124.8,Feb 2024,Q1,0.5181
2024-02-01,West,Electronics,Tablet,72,1196.72,0.22,67207.8,Feb 2024,Q1,0.4872
2024-02-01,West,Electronics,Headphones,220,516.86,0.25,85281.9,Feb 2024,Q1,0.4667
2024-02-01,West,Electronics,Smart Watch,28,218.99,0.13,5334.6,Feb 2024,Q1,0.5402
2024-02-01,West,Apparel,Jacket,123,119.5,0.02,14404.53,Feb 2024,Q1,0.5918
2024-02-01,West,Apparel,Sneakers,140,55.2,0.01,7650.72,Feb 2024,Q1,0.596
2024-02-01,West,Apparel,T-Shirt,297,105.66,0.07,29184.35,Feb 2024,Q1,0.5699
2024-02-01,West,Apparel,Jeans,264,33.53,0.2,7081.54,Feb 2024,Q1,0.5
2024-02-01,West,Apparel,Cap,273,51.61,0.25,10567.15,Feb 2024,Q1,0.4667
2024-02-01,West,Home & Living,Sofa,174,214.67,0.19,30255.59,Feb 2024,Q1,0.5062
2024-02-01,West,Home & Living,Lamp,170,133.42,0.13,19732.82,Feb 2024,Q1,0.5402
2024-02-01,West,Home & Living,Curtains,11,221.44,0.11,2167.9,Feb 2024,Q1,0.5506
2024-02-01,West,Home & Living,Cookware Set,128,263.36,0.13,29327.77,Feb 2024,Q1,0.5402
2024-02-01,West,Home & Living,Wall Art,289,591.66,0.05,162440.25,Feb 2024,Q1,0.5789
2024-02-01,West,Sports,Yoga Mat,124,86.48,0.07,9972.87,Feb 2024,Q1,0.5699
2024-02-01,West,Sports,Dumbbells,287,42.62,0.08,11253.38,Feb 2024,Q1,0.5652
2024-02-01,West,Sports,Cycling Gloves,84,104.64,0.02,8613.96,Feb 2024,Q1,0.5918
2024-02-01,West,Sports,Running Shoes,174,12.09,0.04,2019.51,Feb 2024,Q1,0.5833
2024-02-01,West,Sports,Water Bottle,296,136.36,0.05,38344.43,Feb 2024,Q1,0.5789
2024-03-01,North,Electronics,Laptop,182,1030.01,0.11,166841.02,Mar 2024,Q1,0.5506
2024-03-01,North,Electronics,Smartphone,202,236.94,0.09,43554.31,Mar 2024,Q1,0.5604
2024-03-01,North,Electronics,Tablet,173,905.0,0.2,125252.0,Mar 2024,Q1,0.5
2024-03-01,North,Electronics,Headphones,255,291.75,0.05,70676.44,Mar 2024,Q1,0.5789
2024-03-01,North,Electronics,Smart Watch,253,204.0,0.23,39741.24,Mar 2024,Q1,0.4805
2024-03-01,North,Apparel,Jacket,82,114.66,0.13,8179.84,Mar 2024,Q1,0.5402
2024-03-01,North,Apparel,Sneakers,48,30.11,0.0,1445.28,Mar 2024,Q1,0.6
2024-03-01,North,Apparel,T-Shirt,21,31.91,0.29,475.78,Mar 2024,Q1,0.4366
2024-03-01,North,Apparel,Jeans,21,133.48,0.2,2242.46,Mar 2024,Q1,0.5
2024-03-01,North,Apparel,Cap,207,137.44,0.02,27881.08,Mar 2024,Q1,0.5918
2024-03-01,North,Home & Living,Sofa,35,557.39,0.17,16192.18,Mar 2024,Q1,0.5181
2024-03-01,North,Home & Living,Lamp,259,446.68,0.03,112219.42,Mar 2024,Q1,0.5876
2024-03-01,North,Home & Living,Curtains,224,61.28,0.16,11530.44,Mar 2024,Q1,0.5238
2024-03-01,North,Home & Living,Cookware Set,112,161.11,0.02,17683.43,Mar 2024,Q1,0.5918
2024-03-01,North,Home & Living,Wall Art,180,67.25,0.16,10168.2,Mar 2024,Q1,0.5238
2024-03-01,North,Sports,Yoga Mat,219,89.33,0.14,16824.41,Mar 2024,Q1,0.5349
2024-03-01,North,Sports,Dumbbells,43,188.42,0.24,6157.57,Mar 2024,Q1,0.4737
2024-03-01,North,Sports,Cycling Gloves,48,17.14,0.14,707.54,Mar 2024,Q1,0.5349
2024-03-01,North,Sports,Running Shoes,281,89.38,0.13,21850.73,Mar 2024,Q1,0.5402
2024-03-01,North,Sports,Water Bottle,74,64.58,0.09,4348.82,Mar 2024,Q1,0.5604
2024-03-01,South,Electronics,Laptop,162,441.13,0.12,62887.49,Mar 2024,Q1,0.5455
2024-03-01,South,Electronics,Smartphone,149,1154.24,0.29,122107.05,Mar 2024,Q1,0.4366
2024-03-01,South,Electronics,Tablet,20,1098.91,0.12,19340.82,Mar 2024,Q1,0.5455
2024-03-01,South,Electronics,Headphones,72,392.1,0.12,24843.46,Mar 2024,Q1,0.5455
2024-03-01,South,Electronics,Smart Watch,250,1155.13,0.06,271455.55,Mar 2024,Q1,0.5745
2024-03-01,South,Apparel,Jacket,18,149.34,0.23,2069.85,Mar 2024,Q1,0.4805
2024-03-01,South,Apparel,Sneakers,71,136.67,0.22,7568.78,Mar 2024,Q1,0.4872
2024-03-01,South,Apparel,T-Shirt,98,95.41,0.08,8602.17,Mar 2024,Q1,0.5652
2024-03-01,South,Apparel,Jeans,38,144.23,0.2,4384.59,Mar 2024,Q1,0.5
2024-03-01,South,Apparel,Cap,270,56.58,0.21,12068.51,Mar 2024,Q1,0.4937
2024-03-01,South,Home & Living,Sofa,185,155.5,0.02,28192.15,Mar 2024,Q1,0.5918
2024-03-01,South,Home & Living,Lamp,90,324.17,0.17,24215.5,Mar 2024,Q1,0.5181
2024-03-01,South,Home & Living,Curtains,49,182.21,0.24,6785.5,Mar 2024,Q1,0.4737
2024-03-01,South,Home & Living,Cookware Set,177,121.43,0.07,19988.59,Mar 2024,Q1,0.5699
2024-03-01,South,Home & Living,Wall Art,190,459.05,0.26,64542.43,Mar 2024,Q1,0.4595
2024-03-01,South,Sports,Yoga Mat,258,73.67,0.22,14825.35,Mar 2024,Q1,0.4872
2024-03-01,South,Sports,Dumbbells,91,11.21,0.09,928.3,Mar 2024,Q1,0.5604
2024-03-01,South,Sports,Cycling Gloves,55,81.57,0.0,4486.35,Mar 2024,Q1,0.6
2024-03-01,South,Sports,Running Shoes,172,92.13,0.25,11884.77,Mar 2024,Q1,0.4667
2024-03-01,South,Sports,Water Bottle,69,43.01,0.23,2285.12,Mar 2024,Q1,0.4805
2024-03-01,East,Electronics,Laptop,228,324.7,0.02,72550.97,Mar 2024,Q1,0.5918
2024-03-01,East,Electronics,Smartphone,129,198.03,0.22,19925.78,Mar 2024,Q1,0.4872
2024-03-01,East,Electronics,Tablet,236,774.12,0.11,162596.16,Mar 2024,Q1,0.5506
2024-03-01,East,Electronics,Headphones,67,151.08,0.03,9818.69,Mar 2024,Q1,0.5876
2024-03-01,East,Electronics,Smart Watch,48,703.38,0.23,25996.92,Mar 2024,Q1,0.4805
2024-03-01,East,Apparel,Jacket,93,55.52,0.13,4492.12,Mar 2024,Q1,0.5402
2024-03-01,East,Apparel,Sneakers,30,131.46,0.13,3431.11,Mar 2024,Q1,0.5402
2024-03-01,East,Apparel,T-Shirt,266,114.17,0.26,22473.22,Mar 2024,Q1,0.4595
2024-03-01,East,Apparel,Jeans,289,132.37,0.06,35959.63,Mar 2024,Q1,0.5745
2024-03-01,East,Apparel,Cap,154,39.98,0.01,6095.35,Mar 2024,Q1,0.596
2024-03-01,East,Home & Living,Sofa,190,135.71,0.0,25784.9,Mar 2024,Q1,0.6
2024-03-01,East,Home & Living,Lamp,282,348.3,0.05,93309.57,Mar 2024,Q1,0.5789
2024-03-01,East,Home & Living,Curtains,223,484.61,0.14,92938.51,Mar 2024,Q1,0.5349
2024-03-01,East,Home & Living,Cookware Set,81,255.46,0.22,16139.96,Mar 2024,Q1,0.4872
2024-03-01,East,Home & Living,Wall Art,20,474.52,0.14,8161.74,Mar 2024,Q1,0.5349
2024-03-01,East,Sports,Yoga Mat,97,13.49,0.14,1125.34,Mar 2024,Q1,0.5349
2024-03-01,East,Sports,Dumbbells,101,72.03,0.16,6111.03,Mar 2024,Q1,0.5238
2024-03-01,East,Sports,Cycling Gloves,298,77.98,0.1,20914.24,Mar 2024,Q1,0.5556
2024-03-01,East,Sports,Running Shoes,175,48.03,0.05,7984.99,Mar 2024,Q1,0.5789
2024-03-01,East,Sports,Water Bottle,132,112.85,0.21,11768.0,Mar 2024,Q1,0.4937
2024-03-01,West,Electronics,Laptop,273,1144.72,0.15,265632.28,Mar 2024,Q1,0.5294
2024-03-01,West,Electronics,Smartphone,93,730.65,0.01,67270.95,Mar 2024,Q1,0.596
2024-03-01,West,Electronics,Tablet,197,918.17,0.05,171835.52,Mar 2024,Q1,0.5789
2024-03-01,West,Electronics,Headphones,252,380.17,0.24,72810.16,Mar 2024,Q1,0.4737
2024-03-01,West,Electronics,Smart Watch,192,195.84,0.1,33841.15,Mar 2024,Q1,0.5556
2024-03-01,West,Apparel,Jacket,68,45.94,0.01,3092.68,Mar 2024,Q1,0.596
2024-03-01,West,Apparel,Sneakers,222,116.55,0.11,23027.95,Mar 2024,Q1,0.5506
2024-03-01,West,Apparel,T-Shirt,29,90.63,0.01,2601.99,Mar 2024,Q1,0.596
2024-03-01,West,Apparel,Jeans,237,137.09,0.18,26642.07,Mar 2024,Q1,0.5122
2024-03-01,West,Apparel,Cap,255,69.9,0.07,16576.78,Mar 2024,Q1,0.5699
2024-03-01,West,Home & Living,Sofa,291,132.42,0.29,27359.3,Mar 2024,Q1,0.4366
2024-03-01,West,Home & Living,Lamp,50,283.82,0.11,12629.99,Mar 2024,Q1,0.5506
2024-03-01,West,Home & Living,Curtains,139,207.92,0.26,21386.65,Mar 2024,Q1,0.4595
2024-03-01,West,Home & Living,Cookware Set,270,104.6,0.14,24288.12,Mar 2024,Q1,0.5349
2024-03-01,West,Home & Living,Wall Art,19,326.27,0.25,4649.35,Mar 2024,Q1,0.4667
2024-03-01,West,Sports,Yoga Mat,266,57.98,0.11,13726.19,Mar 2024,Q1,0.5506
2024-03-01,West,Sports,Dumbbells,293,100.18,0.25,22014.56,Mar 2024,Q1,0.4667
2024-03-01,West,Sports,Cycling Gloves,53,112.58,0.01,5907.07,Mar 2024,Q1,0.596
2024-03-01,West,Sports,Running Shoes,139,131.6,0.07,17011.93,Mar 2024,Q1,0.5699
2024-03-01,West,Sports,Water Bottle,254,140.76,0.12,31462.68,Mar 2024,Q1,0.5455
2024-04-01,North,Electronics,Laptop,251,1163.37,0.26,216084.34,Apr 2024,Q2,0.4595
2024-04-01,North,Electronics,Smartphone,232,416.94,0.04,92860.88,Apr 2024,Q2,0.5833
2024-04-01,North,Electronics,Tablet,135,473.33,0.29,45368.68,Apr 2024,Q2,0.4366
2024-04-01,North,Electronics,Headphones,138,917.37,0.08,116469.3,Apr 2024,Q2,0.5652
2024-04-01,North,Electronics,Smart Watch,202,1030.02,0.19,168531.87,Apr 2024,Q2,0.5062
2024-04-01,North,Apparel,Jacket,145,119.91,0.28,12518.6,Apr 2024,Q2,0.4444
2024-04-01,North,Apparel,Sneakers,10,105.66,0.03,1024.9,Apr 2024,Q2,0.5876
2024-04-01,North,Apparel,T-Shirt,229,98.64,0.3,15811.99,Apr 2024,Q2,0.4286
2024-04-01,North,Apparel,Jeans,278,93.71,0.12,22925.21,Apr 2024,Q2,0.5455
2024-04-01,North,Apparel,Cap,141,125.02,0.13,15336.2,Apr 2024,Q2,0.5402
2024-04-01,North,Home & Living,Sofa,138,33.28,0.11,4087.45,Apr 2024,Q2,0.5506
2024-04-01,North,Home & Living,Lamp,208,342.64,0.16,59866.06,Apr 2024,Q2,0.5238
2024-04-01,North,Home & Living,Curtains,111,410.88,0.14,39222.6,Apr 2024,Q2,0.5349
2024-04-01,North,Home & Living,Cookware Set,12,512.89,0.24,4677.56,Apr 2024,Q2,0.4737
2024-04-01,North,Home & Living,Wall Art,162,360.7,0.18,47915.39,Apr 2024,Q2,0.5122
2024-04-01,North,Sports,Yoga Mat,30,180.63,0.07,5039.58,Apr 2024,Q2,0.5699
2024-04-01,North,Sports,Dumbbells,212,46.97,0.05,9459.76,Apr 2024,Q2,0.5789
2024-04-01,North,Sports,Cycling Gloves,61,120.38,0.03,7122.88,Apr 2024,Q2,0.5876
2024-04-01,North,Sports,Running Shoes,167,33.16,0.05,5260.83,Apr 2024,Q2,0.5789
2024-04-01,North,Sports,Water Bottle,117,30.31,0.17,2943.4,Apr 2024,Q2,0.5181
2024-04-01,South,Electronics,Laptop,45,595.75,0.16,22519.35,Apr 2024,Q2,0.5238
2024-04-01,South,Electronics,Smartphone,56,1148.97,0.07,59838.36,Apr 2024,Q2,0.5699
2024-04-01,South,Electronics,Tablet,18,828.94,0.23,11489.11,Apr 2024,Q2,0.4805
2024-04-01,South,Electronics,Headphones,58,398.71,0.13,20118.91,Apr 2024,Q2,0.5402
2024-04-01,South,Electronics,Smart Watch,211,1000.01,0.05,200452.0,Apr 2024,Q2,0.5789
2024-04-01,South,Apparel,Jacket,58,132.16,0.01,7588.63,Apr 2024,Q2,0.596
2024-04-01,South,Apparel,Sneakers,152,46.8,0.19,5762.02,Apr 2024,Q2,0.5062
2024-04-01,South,Apparel,T-Shirt,263,55.69,0.13,12742.43,Apr 2024,Q2,0.5402
2024-04-01,South,Apparel,Jeans,134,110.02,0.03,14300.4,Apr 2024,Q2,0.5876
2024-04-01,South,Apparel,Cap,227,137.72,0.19,25322.58,Apr 2024,Q2,0.5062
2024-04-01,South,Home & Living,Sofa,173,159.19,0.02,26989.07,Apr 2024,Q2,0.5918
2024-04-01,South,Home & Living,Lamp,58,69.86,0.08,3727.73,Apr 2024,Q2,0.5652
2024-04-01,South,Home & Living,Curtains,209,214.87,0.2,35926.26,Apr 2024,Q2,0.5
2024-04-01,South,Home & Living,Cookware Set,224,597.42,0.1,120439.87,Apr 2024,Q2,0.5556
2024-04-01,South,Home & Living,Wall Art,159,129.92,0.06,19417.84,Apr 2024,Q2,0.5745
2024-04-01,South,Sports,Yoga Mat,217,10.23,0.09,2020.12,Apr 2024,Q2,0.5604
2024-04-01,South,Sports,Dumbbells,145,85.87,0.05,11828.59,Apr 2024,Q2,0.5789
2024-04-01,South,Sports,Cycling Gloves,14,137.6,0.03,1868.61,Apr 2024,Q2,0.5876
2024-04-01,South,Sports,Running Shoes,240,40.27,0.02,9471.5,Apr 2024,Q2,0.5918
2024-04-01,South,Sports,Water Bottle,160,188.02,0.17,24969.06,Apr 2024,Q2,0.5181
2024-04-01,East,Electronics,Laptop,189,443.69,0.24,63731.63,Apr 2024,Q2,0.4737
2024-04-01,East,Electronics,Smartphone,152,1191.77,0.03,175714.57,Apr 2024,Q2,0.5876
2024-04-01,East,Electronics,Tablet,91,809.35,0.04,70704.82,Apr 2024,Q2,0.5833
2024-04-01,East,Electronics,Headphones,16,469.91,0.21,5939.66,Apr 2024,Q2,0.4937
2024-04-01,East,Electronics,Smart Watch,215,1174.39,0.26,186845.45,Apr 2024,Q2,0.4595
2024-04-01,East,Apparel,Jacket,173,38.1,0.1,5932.17,Apr 2024,Q2,0.5556
2024-04-01,East,Apparel,Sneakers,34,35.83,0.07,1132.94,Apr 2024,Q2,0.5699
2024-04-01,East,Apparel,T-Shirt,182,145.56,0.15,22518.13,Apr 2024,Q2,0.5294
2024-04-01,East,Apparel,Jeans,155,130.69,0.18,16610.7,Apr 2024,Q2,0.5122
2024-04-01,East,Apparel,Cap,160,27.98,0.02,4387.26,Apr 2024,Q2,0.5918
2024-04-01,East,Home & Living,Sofa,276,199.49,0.05,52306.28,Apr 2024,Q2,0.5789
2024-04-01,East,Home & Living,Lamp,158,87.6,0.02,13563.98,Apr 2024,Q2,0.5918
2024-04-01,East,Home & Living,Curtains,269,162.61,0.05,41554.99,Apr 2024,Q2,0.5789
2024-04-01,East,Home & Living,Cookware Set,133,481.49,0.2,51230.54,Apr 2024,Q2,0.5
2024-04-01,East,Home & Living,Wall Art,16,130.83,0.29,1486.23,Apr 2024,Q2,0.4366
2024-04-01,East,Sports,Yoga Mat,192,59.36,0.23,8775.78,Apr 2024,Q2,0.4805
2024-04-01,East,Sports,Dumbbells,74,47.78,0.02,3465.01,Apr 2024,Q2,0.5918
2024-04-01,East,Sports,Cycling Gloves,169,96.33,0.25,12209.83,Apr 2024,Q2,0.4667
2024-04-01,East,Sports,Running Shoes,192,56.26,0.2,8641.54,Apr 2024,Q2,0.5
2024-04-01,East,Sports,Water Bottle,236,159.15,0.27,27418.36,Apr 2024,Q2,0.4521
2024-04-01,West,Electronics,Laptop,114,257.26,0.02,28741.09,Apr 2024,Q2,0.5918
2024-04-01,West,Electronics,Smartphone,106,1032.92,0.19,88686.51,Apr 2024,Q2,0.5062
2024-04-01,West,Electronics,Tablet,299,555.67,0.14,142884.98,Apr 2024,Q2,0.5349
2024-04-01,West,Electronics,Headphones,182,307.68,0.01,55437.78,Apr 2024,Q2,0.596
2024-04-01,West,Electronics,Smart Watch,96,902.14,0.29,61489.86,Apr 2024,Q2,0.4366
2024-04-01,West,Apparel,Jacket,286,80.05,0.28,16483.9,Apr 2024,Q2,0.4444
2024-04-01,West,Apparel,Sneakers,37,73.58,0.02,2668.01,Apr 2024,Q2,0.5918
2024-04-01,West,Apparel,T-Shirt,147,30.68,0.23,3472.67,Apr 2024,Q2,0.4805
2024-04-01,West,Apparel,Jeans,58,53.89,0.14,2688.03,Apr 2024,Q2,0.5349
2024-04-01,West,Apparel,Cap,264,123.83,0.18,26806.72,Apr 2024,Q2,0.5122
2024-04-01,West,Home & Living,Sofa,190,381.4,0.01,71741.34,Apr 2024,Q2,0.596
2024-04-01,West,Home & Living,Lamp,282,242.14,0.13,59406.63,Apr 2024,Q2,0.5402
2024-04-01,West,Home & Living,Curtains,123,99.26,0.27,8912.56,Apr 2024,Q2,0.4521
2024-04-01,West,Home & Living,Cookware Set,131,512.51,0.08,61767.71,Apr 2024,Q2,0.5652
2024-04-01,West,Home & Living,Wall Art,158,347.95,0.02,53876.58,Apr 2024,Q2,0.5918
2024-04-01,West,Sports,Yoga Mat,265,18.2,0.05,4581.85,Apr 2024,Q2,0.5789
2024-04-01,West,Sports,Dumbbells,38,102.79,0.05,3710.72,Apr 2024,Q2,0.5789
2024-04-01,West,Sports,Cycling Gloves,53,106.59,0.09,5140.84,Apr 2024,Q2,0.5604
2024-04-01,West,Sports,Running Shoes,28,176.66,0.13,4303.44,Apr 2024,Q2,0.5402
2024-04-01,West,Sports,Water Bottle,145,148.03,0.3,15025.04,Apr 2024,Q2,0.4286
2024-05-01,North,Electronics,Laptop,113,353.65,0.22,31170.71,May 2024,Q2,0.4872
2024-05-01,North,Electronics,Smartphone,240,795.73,0.16,160419.17,May 2024,Q2,0.5238
2024-05-01,North,Electronics,Tablet,243,949.04,0.29,163737.87,May 2024,Q2,0.4366
2024-05-01,North,Electronics,Headphones,29,493.28,0.3,10013.58,May 2024,Q2,0.4286
2024-05-01,North,Electronics,Smart Watch,141,554.64,0.04,75076.07,May 2024,Q2,0.5833
2024-05-01,North,Apparel,Jacket,239,110.43,0.11,23489.57,May 2024,Q2,0.5506
2024-05-01,North,Apparel,Sneakers,66,72.3,0.22,3722.0,May 2024,Q2,0.4872
2024-05-01,North,Apparel,T-Shirt,238,92.99,0.2,17705.3,May 2024,Q2,0.5
2024-05-01,North,Apparel,Jeans,91,22.98,0.04,2007.53,May 2024,Q2,0.5833
2024-05-01,North,Apparel,Cap,161,122.04,0.16,16504.69,May 2024,Q2,0.5238
2024-05-01,North,Home & Living,Sofa,182,277.39,0.07,46951.03,May 2024,Q2,0.5699
2024-05-01,North,Home & Living,Lamp,260,448.16,0.05,110695.52,May 2024,Q2,0.5789
2024-05-01,North,Home & Living,Curtains,207,97.45,0.25,15129.11,May 2024,Q2,0.4667
2024-05-01,North,Home & Living,Cookware Set,84,145.67,0.29,8687.76,May 2024,Q2,0.4366
2024-05-01,North,Home & Living,Wall Art,268,504.07,0.16,113476.24,May 2024,Q2,0.5238
2024-05-01,North,Sports,Yoga Mat,60,175.82,0.25,7911.9,May 2024,Q2,0.4667
2024-05-01,North,Sports,Dumbbells,58,129.92,0.01,7460.01,May 2024,Q2,0.596
2024-05-01,North,Sports,Cycling Gloves,138,52.79,0.04,6993.62,May 2024,Q2,0.5833
2024-05-01,North,Sports,Running Shoes,66,23.1,0.02,1494.11,May 2024,Q2,0.5918
2024-05-01,North,Sports,Water Bottle,229,195.22,0.11,39787.79,May 2024,Q2,0.5506
2024-05-01,South,Electronics,Laptop,115,1037.03,0.01,118065.87,May 2024,Q2,0.596
2024-05-01,South,Electronics,Smartphone,259,740.09,0.03,185932.81,May 2024,Q2,0.5876
2024-05-01,South,Electronics,Tablet,169,846.98,0.02,140276.83,May 2024,Q2,0.5918
2024-05-01,South,Electronics,Headphones,151,917.36,0.06,130210.08,May 2024,Q2,0.5745
2024-05-01,South,Electronics,Smart Watch,170,308.81,0.17,43573.09,May 2024,Q2,0.5181
2024-05-01,South,Apparel,Jacket,90,49.56,0.24,3389.9,May 2024,Q2,0.4737
2024-05-01,South,Apparel,Sneakers,186,30.62,0.05,5410.55,May 2024,Q2,0.5789
2024-05-01,South,Apparel,T-Shirt,11,48.09,0.14,454.93,May 2024,Q2,0.5349
2024-05-01,South,Apparel,Jeans,176,28.1,0.14,4253.22,May 2024,Q2,0.5349
2024-05-01,South,Apparel,Cap,201,84.64,0.16,14290.62,May 2024,Q2,0.5238
2024-05-01,South,Home & Living,Sofa,77,146.78,0.26,8363.52,May 2024,Q2,0.4595
2024-05-01,South,Home & Living,Lamp,101,349.3,0.17,29281.82,May 2024,Q2,0.5181
2024-05-01,South,Home & Living,Curtains,75,548.26,0.15,34951.57,May 2024,Q2,0.5294
2024-05-01,South,Home & Living,Cookware Set,271,256.51,0.13,60477.36,May 2024,Q2,0.5402
2024-05-01,South,Home & Living,Wall Art,276,193.67,0.17,44365.92,May 2024,Q2,0.5181
2024-05-01,South,Sports,Yoga Mat,94,180.42,0.16,14245.96,May 2024,Q2,0.5238
2024-05-01,South,Sports,Dumbbells,277,180.47,0.05,47490.68,May 2024,Q2,0.5789
2024-05-01,South,Sports,Cycling Gloves,229,134.32,0.05,29221.32,May 2024,Q2,0.5789
2024-05-01,South,Sports,Running Shoes,269,32.35,0.22,6787.68,May 2024,Q2,0.4872
2024-05-01,South,Sports,Water Bottle,25,147.79,0.1,3325.28,May 2024,Q2,0.5556
2024-05-01,East,Electronics,Laptop,111,1178.77,0.03,126918.17,May 2024,Q2,0.5876
2024-05-01,East,Electronics,Smartphone,205,905.32,0.06,174455.16,May 2024,Q2,0.5745
2024-05-01,East,Electronics,Tablet,274,1010.02,0.14,238001.11,May 2024,Q2,0.5349
2024-05-01,East,Electronics,Headphones,222,417.04,0.07,86102.08,May 2024,Q2,0.5699
2024-05-01,East,Electronics,Smart Watch,165,1017.28,0.1,151066.08,May 2024,Q2,0.5556
2024-05-01,East,Apparel,Jacket,84,100.72,0.14,7276.01,May 2024,Q2,0.5349
2024-05-01,East,Apparel,Sneakers,280,24.05,0.09,6127.94,May 2024,Q2,0.5604
2024-05-01,East,Apparel,T-Shirt,257,42.73,0.25,8236.21,May 2024,Q2,0.4667
2024-05-01,East,Apparel,Jeans,137,110.24,0.06,14196.71,May 2024,Q2,0.5745
2024-05-01,East,Apparel,Cap,236,73.08,0.07,16039.6,May 2024,Q2,0.5699
2024-05-01,East,Home & Living,Sofa,261,547.1,0.17,118518.27,May 2024,Q2,0.5181
2024-05-01,East,Home & Living,Lamp,100,159.24,0.04,15287.04,May 2024,Q2,0.5833
2024-05-01,East,Home & Living,Curtains,156,270.85,0.22,32957.03,May 2024,Q2,0.4872
2024-05-01,East,Home & Living,Cookware Set,163,433.38,0.25,52980.71,May 2024,Q2,0.4667
2024-05-01,East,Home & Living,Wall Art,284,578.8,0.09,149585.07,May 2024,Q2,0.5604
2024-05-01,East,Sports,Yoga Mat,130,143.7,0.16,15692.04,May 2024,Q2,0.5238
2024-05-01,East,Sports,Dumbbells,295,166.66,0.02,48181.41,May 2024,Q2,0.5918
2024-05-01,East,Sports,Cycling Gloves,231,176.68,0.1,36731.77,May 2024,Q2,0.5556
2024-05-01,East,Sports,Running Shoes,95,55.51,0.24,4007.82,May 2024,Q2,0.4737
2024-05-01,East,Sports,Water Bottle,167,118.94,0.2,15890.38,May 2024,Q2,0.5
2024-05-01,West,Electronics,Laptop,285,381.24,0.01,107566.87,May 2024,Q2,0.596
2024-05-01,West,Electronics,Smartphone,44,1020.75,0.13,39074.31,May 2024,Q2,0.5402
2024-05-01,West,Electronics,Tablet,85,637.65,0.05,51490.24,May 2024,Q2,0.5789
2024-05-01,West,Electronics,Headphones,30,812.87,0.15,20728.18,May 2024,Q2,0.5294
2024-05-01,West,Electronics,Smart Watch,37,395.89,0.08,13476.1,May 2024,Q2,0.5652
2024-05-01,West,Apparel,Jacket,266,72.91,0.01,19200.12,May 2024,Q2,0.596
2024-05-01,West,Apparel,Sneakers,271,38.2,0.1,9316.98,May 2024,Q2,0.5556
2024-05-01,West,Apparel,T-Shirt,250,81.07,0.18,16619.35,May 2024,Q2,0.5122
2024-05-01,West,Apparel,Jeans,198,21.0,0.03,4033.26,May 2024,Q2,0.5876
2024-05-01,West,Apparel,Cap,99,77.01,0.01,7547.75,May 2024,Q2,0.596
2024-05-01,West,Home & Living,Sofa,242,381.73,0.1,83140.79,May 2024,Q2,0.5556
2024-05-01,West,Home & Living,Lamp,192,430.29,0.04,79311.05,May 2024,Q2,0.5833
2024-05-01,West,Home & Living,Curtains,55,446.02,0.2,19624.88,May 2024,Q2,0.5
2024-05-01,West,Home & Living,Cookware Set,118,499.56,0.25,44211.06,May 2024,Q2,0.4667
2024-05-01,West,Home & Living,Wall Art,17,439.02,0.01,7388.71,May 2024,Q2,0.596
2024-05-01,West,Sports,Yoga Mat,155,80.12,0.04,11921.86,May 2024,Q2,0.5833
2024-05-01,West,Sports,Dumbbells,93,152.47,0.12,12478.14,May 2024,Q2,0.5455
2024-05-01,West,Sports,Cycling Gloves,294,11.92,0.19,2838.63,May 2024,Q2,0.5062
2024-05-01,West,Sports,Running Shoes,127,131.2,0.22,12996.67,May 2024,Q2,0.4872
2024-05-01,West,Sports,Water Bottle,102,12.22,0.13,1084.4,May 2024,Q2,0.5402
2024-06-01,North,Electronics,Laptop,244,660.3,0.17,133723.96,Jun 2024,Q2,0.5181
2024-06-01,North,Electronics,Smartphone,232,639.94,0.26,109864.9,Jun 2024,Q2,0.4595
2024-06-01,North,Electronics,Tablet,108,231.5,0.07,23251.86,Jun 2024,Q2,0.5699
2024-06-01,North,Electronics,Headphones,297,1013.54,0.1,270919.24,Jun 2024,Q2,0.5556
2024-06-01,North,Electronics,Smart Watch,57,162.93,0.16,7801.09,Jun 2024,Q2,0.5238
2024-06-01,North,Apparel,Jacket,299,75.97,0.1,20443.53,Jun 2024,Q2,0.5556
2024-06-01,North,Apparel,Sneakers,157,87.24,0.12,12053.08,Jun 2024,Q2,0.5455
2024-06-01,North,Apparel,T-Shirt,135,33.16,0.25,3357.45,Jun 2024,Q2,0.4667
2024-06-01,North,Apparel,Jeans,213,33.68,0.07,6671.67,Jun 2024,Q2,0.5699
2024-06-01,North,Apparel,Cap,76,69.95,0.12,4678.26,Jun 2024,Q2,0.5455
2024-06-01,North,Home & Living,Sofa,243,113.83,0.04,26554.26,Jun 2024,Q2,0.5833
2024-06-01,North,Home & Living,Lamp,131,208.96,0.18,22446.48,Jun 2024,Q2,0.5122
2024-06-01,North,Home & Living,Curtains,210,577.85,0.12,106786.68,Jun 2024,Q2,0.5455
2024-06-01,North,Home & Living,Cookware Set,287,345.62,0.23,76378.56,Jun 2024,Q2,0.4805
2024-06-01,North,Home & Living,Wall Art,51,130.99,0.2,5344.39,Jun 2024,Q2,0.5
2024-06-01,North,Sports,Yoga Mat,30,120.29,0.04,3464.35,Jun 2024,Q2,0.5833
2024-06-01,North,Sports,Dumbbells,120,149.57,0.09,16333.04,Jun 2024,Q2,0.5604
2024-06-01,North,Sports,Cycling Gloves,223,85.08,0.01,18783.11,Jun 2024,Q2,0.596
2024-06-01,North,Sports,Running Shoes,154,122.67,0.18,15490.77,Jun 2024,Q2,0.5122
2024-06-01,North,Sports,Water Bottle,182,114.37,0.02,20399.03,Jun 2024,Q2,0.5918
2024-06-01,South,Electronics,Laptop,193,439.56,0.14,72958.17,Jun 2024,Q2,0.5349
2024-06-01,South,Electronics,Smartphone,117,657.58,0.09,70012.54,Jun 2024,Q2,0.5604
2024-06-01,South,Electronics,Tablet,225,613.28,0.22,107630.64,Jun 2024,Q2,0.4872
2024-06-01,South,Electronics,Headphones,228,577.96,0.29,93560.16,Jun 2024,Q2,0.4366
2024-06-01,South,Electronics,Smart Watch,57,1195.93,0.09,62032.89,Jun 2024,Q2,0.5604
2024-06-01,South,Apparel,Jacket,156,53.29,0.07,7731.31,Jun 2024,Q2,0.5699
2024-06-01,South,Apparel,Sneakers,217,140.8,0.16,25665.02,Jun 2024,Q2,0.5238
2024-06-01,South,Apparel,T-Shirt,135,126.57,0.16,14353.04,Jun 2024,Q2,0.5238
2024-06-01,South,Apparel,Jeans,231,149.72,0.09,31472.64,Jun 2024,Q2,0.5604
2024-06-01,South,Apparel,Cap,144,64.43,0.0,9277.92,Jun 2024,Q2,0.6
2024-06-01,South,Home & Living,Sofa,145,466.69,0.18,55489.44,Jun 2024,Q2,0.5122
2024-06-01,South,Home & Living,Lamp,113,189.79,0.01,21231.81,Jun 2024,Q2,0.596
2024-06-01,South,Home & Living,Curtains,84,490.69,0.02,40393.6,Jun 2024,Q2,0.5918
2024-06-01,South,Home & Living,Cookware Set,70,418.6,0.25,21976.5,Jun 2024,Q2,0.4667
2024-06-01,South,Home & Living,Wall Art,153,434.76,0.06,62527.18,Jun 2024,Q2,0.5745
2024-06-01,South,Sports,Yoga Mat,299,86.97,0.27,18982.94,Jun 2024,Q2,0.4521
2024-06-01,South,Sports,Dumbbells,230,51.66,0.01,11762.98,Jun 2024,Q2,0.596
2024-06-01,South,Sports,Cycling Gloves,62,146.76,0.26,6733.35,Jun 2024,Q2,0.4595
2024-06-01,South,Sports,Running Shoes,83,139.7,0.07,10783.44,Jun 2024,Q2,0.5699
2024-06-01,South,Sports,Water Bottle,62,37.15,0.23,1773.54,Jun 2024,Q2,0.4805
2024-06-01,East,Electronics,Laptop,21,671.53,0.02,13820.09,Jun 2024,Q2,0.5918
2024-06-01,East,Electronics,Smartphone,213,572.57,0.21,96346.35,Jun 2024,Q2,0.4937
2024-06-01,East,Electronics,Tablet,223,892.33,0.07,185060.32,Jun 2024,Q2,0.5699
2024-06-01,East,Electronics,Headphones,166,1127.43,0.26,138493.5,Jun 2024,Q2,0.4595
2024-06-01,East,Electronics,Smart Watch,109,1102.56,0.28,86528.91,Jun 2024,Q2,0.4444
2024-06-01,East,Apparel,Jacket,188,109.31,0.19,16645.73,Jun 2024,Q2,0.5062
2024-06-01,East,Apparel,Sneakers,129,38.09,0.05,4667.93,Jun 2024,Q2,0.5789
2024-06-01,East,Apparel,T-Shirt,33,143.6,0.03,4596.64,Jun 2024,Q2,0.5876
2024-06-01,East,Apparel,Jeans,220,26.26,0.15,4910.62,Jun 2024,Q2,0.5294
2024-06-01,East,Apparel,Cap,50,34.43,0.0,1721.5,Jun 2024,Q2,0.6
2024-06-01,East,Home & Living,Sofa,22,514.7,0.2,9058.72,Jun 2024,Q2,0.5
2024-06-01,East,Home & Living,Lamp,109,198.32,0.2,17293.5,Jun 2024,Q2,0.5
2024-06-01,East,Home & Living,Curtains,283,59.75,0.14,14541.95,Jun 2024,Q2,0.5349
2024-06-01,East,Home & Living,Cookware Set,74,239.64,0.03,17201.36,Jun 2024,Q2,0.5876
2024-06-01,East,Home & Living,Wall Art,147,422.19,0.27,45305.21,Jun 2024,Q2,0.4521
2024-06-01,East,Sports,Yoga Mat,267,103.64,0.12,24351.25,Jun 2024,Q2,0.5455
2024-06-01,East,Sports,Dumbbells,26,176.75,0.01,4549.55,Jun 2024,Q2,0.596
2024-06-01,East,Sports,Cycling Gloves,239,51.76,0.04,11875.81,Jun 2024,Q2,0.5833
2024-06-01,East,Sports,Running Shoes,292,79.87,0.05,22155.94,Jun 2024,Q2,0.5789
2024-06-01,East,Sports,Water Bottle,233,76.14,0.11,15789.15,Jun 2024,Q2,0.5506
2024-06-01,West,Electronics,Laptop,25,746.5,0.2,14930.0,Jun 2024,Q2,0.5
2024-06-01,West,Electronics,Smartphone,169,1093.49,0.12,162623.83,Jun 2024,Q2,0.5455
2024-06-01,West,Electronics,Tablet,141,1094.43,0.14,132710.58,Jun 2024,Q2,0.5349
2024-06-01,West,Electronics,Headphones,133,647.5,0.24,65449.3,Jun 2024,Q2,0.4737
2024-06-01,West,Electronics,Smart Watch,105,833.51,0.06,82267.44,Jun 2024,Q2,0.5745
2024-06-01,West,Apparel,Jacket,99,38.3,0.17,3147.11,Jun 2024,Q2,0.5181
2024-06-01,West,Apparel,Sneakers,276,88.54,0.19,19794.0,Jun 2024,Q2,0.5062
2024-06-01,West,Apparel,T-Shirt,58,63.85,0.02,3629.23,Jun 2024,Q2,0.5918
2024-06-01,West,Apparel,Jeans,183,39.15,0.13,6233.07,Jun 2024,Q2,0.5402
2024-06-01,West,Apparel,Cap,63,59.25,0.28,2687.58,Jun 2024,Q2,0.4444
2024-06-01,West,Home & Living,Sofa,55,489.97,0.16,22636.61,Jun 2024,Q2,0.5238
2024-06-01,West,Home & Living,Lamp,232,283.96,0.01,65219.93,Jun 2024,Q2,0.596
2024-06-01,West,Home & Living,Curtains,170,330.52,0.2,44950.72,Jun 2024,Q2,0.5
2024-06-01,West,Home & Living,Cookware Set,178,597.05,0.29,75455.18,Jun 2024,Q2,0.4366
2024-06-01,West,Home & Living,Wall Art,148,130.37,0.0,19294.76,Jun 2024,Q2,0.6
2024-06-01,West,Sports,Yoga Mat,269,142.68,0.12,33775.21,Jun 2024,Q2,0.5455
2024-06-01,West,Sports,Dumbbells,256,68.9,0.07,16403.71,Jun 2024,Q2,0.5699
2024-06-01,West,Sports,Cycling Gloves,48,172.49,0.18,6789.21,Jun 2024,Q2,0.5122
2024-06-01,West,Sports,Running Shoes,83,162.9,0.01,13385.49,Jun 2024,Q2,0.596
2024-06-01,West,Sports,Water Bottle,179,28.13,0.13,4380.68,Jun 2024,Q2,0.5402
2024-07-01,North,Electronics,Laptop,150,150.46,0.29,16023.99,Jul 2024,Q3,0.4366
2024-07-01,North,Electronics,Smartphone,138,197.16,0.23,20950.22,Jul 2024,Q3,0.4805
2024-07-01,North,Electronics,Tablet,172,210.59,0.3,25355.04,Jul 2024,Q3,0.4286
2024-07-01,North,Electronics,Headphones,190,526.51,0.28,72026.57,Jul 2024,Q3,0.4444
2024-07-01,North,Electronics,Smart Watch,125,178.9,0.29,15877.38,Jul 2024,Q3,0.4366
2024-07-01,North,Apparel,Jacket,287,56.72,0.13,14162.42,Jul 2024,Q3,0.5402
2024-07-01,North,Apparel,Sneakers,158,118.64,0.27,13683.94,Jul 2024,Q3,0.4521
2024-07-01,North,Apparel,T-Shirt,163,74.53,0.15,10326.13,Jul 2024,Q3,0.5294
2024-07-01,North,Apparel,Jeans,125,53.19,0.01,6582.26,Jul 2024,Q3,0.596
2024-07-01,North,Apparel,Cap,280,79.8,0.01,22120.56,Jul 2024,Q3,0.596
2024-07-01,North,Home & Living,Sofa,173,403.15,0.26,51611.26,Jul 2024,Q3,0.4595
2024-07-01,North,Home & Living,Lamp,190,51.42,0.23,7522.75,Jul 2024,Q3,0.4805
2024-07-01,North,Home & Living,Curtains,258,442.18,0.06,107237.49,Jul 2024,Q3,0.5745
2024-07-01,North,Home & Living,Cookware Set,94,30.84,0.29,2058.26,Jul 2024,Q3,0.4366
2024-07-01,North,Home & Living,Wall Art,47,267.09,0.18,10293.65,Jul 2024,Q3,0.5122
2024-07-01,North,Sports,Yoga Mat,39,44.51,0.11,1544.94,Jul 2024,Q3,0.5506
2024-07-01,North,Sports,Dumbbells,56,84.71,0.18,3889.88,Jul 2024,Q3,0.5122
2024-07-01,North,Sports,Cycling Gloves,250,13.93,0.08,3203.9,Jul 2024,Q3,0.5652
2024-07-01,North,Sports,Running Shoes,263,60.41,0.18,13028.02,Jul 2024,Q3,0.5122
2024-07-01,North,Sports,Water Bottle,120,107.63,0.15,10978.26,Jul 2024,Q3,0.5294
2024-07-01,South,Electronics,Laptop,90,1129.57,0.14,87428.72,Jul 2024,Q3,0.5349
2024-07-01,South,Electronics,Smartphone,10,278.13,0.01,2753.49,Jul 2024,Q3,0.596
2024-07-01,South,Electronics,Tablet,178,355.0,0.26,46760.6,Jul 2024,Q3,0.4595
2024-07-01,South,Electronics,Headphones,72,952.96,0.09,62437.94,Jul 2024,Q3,0.5604
2024-07-01,South,Electronics,Smart Watch,280,682.01,0.23,147041.36,Jul 2024,Q3,0.4805
2024-07-01,South,Apparel,Jacket,87,146.13,0.21,10043.51,Jul 2024,Q3,0.4937
2024-07-01,South,Apparel,Sneakers,177,85.62,0.05,14397.0,Jul 2024,Q3,0.5789
2024-07-01,South,Apparel,T-Shirt,156,37.12,0.09,5269.56,Jul 2024,Q3,0.5604
2024-07-01,South,Apparel,Jeans,160,126.13,0.09,18364.53,Jul 2024,Q3,0.5604
2024-07-01,South,Apparel,Cap,123,137.79,0.02,16609.21,Jul 2024,Q3,0.5918
2024-07-01,South,Home & Living,Sofa,122,139.11,0.28,12219.42,Jul 2024,Q3,0.4444
2024-07-01,South,Home & Living,Lamp,14,68.96,0.09,878.55,Jul 2024,Q3,0.5604
2024-07-01,South,Home & Living,Curtains,28,147.08,0.29,2923.95,Jul 2024,Q3,0.4366
2024-07-01,South,Home & Living,Cookware Set,93,143.43,0.23,10271.02,Jul 2024,Q3,0.4805
2024-07-01,South,Home & Living,Wall Art,257,566.53,0.0,145598.21,Jul 2024,Q3,0.6
2024-07-01,South,Sports,Yoga Mat,71,31.53,0.12,1969.99,Jul 2024,Q3,0.5455
2024-07-01,South,Sports,Dumbbells,91,85.55,0.08,7162.25,Jul 2024,Q3,0.5652
2024-07-01,South,Sports,Cycling Gloves,275,114.43,0.21,24859.92,Jul 2024,Q3,0.4937
2024-07-01,South,Sports,Running Shoes,163,190.77,0.09,28296.91,Jul 2024,Q3,0.5604
2024-07-01,South,Sports,Water Bottle,157,60.81,0.0,9547.17,Jul 2024,Q3,0.6
2024-07-01,East,Electronics,Laptop,143,413.44,0.09,53800.95,Jul 2024,Q3,0.5604
2024-07-01,East,Electronics,Smartphone,109,412.0,0.13,39069.96,Jul 2024,Q3,0.5402
2024-07-01,East,Electronics,Tablet,88,373.74,0.19,26640.19,Jul 2024,Q3,0.5062
2024-07-01,East,Electronics,Headphones,34,203.01,0.16,5797.97,Jul 2024,Q3,0.5238
2024-07-01,East,Electronics,Smart Watch,92,1155.46,0.2,85041.86,Jul 2024,Q3,0.5
2024-07-01,East,Apparel,Jacket,185,84.75,0.27,11445.49,Jul 2024,Q3,0.4521
2024-07-01,East,Apparel,Sneakers,136,131.97,0.13,15614.69,Jul 2024,Q3,0.5402
2024-07-01,East,Apparel,T-Shirt,257,91.09,0.06,22005.52,Jul 2024,Q3,0.5745
2024-07-01,East,Apparel,Jeans,48,134.07,0.07,5984.88,Jul 2024,Q3,0.5699
2024-07-01,East,Apparel,Cap,78,138.45,0.06,10151.15,Jul 2024,Q3,0.5745
2024-07-01,East,Home & Living,Sofa,170,572.35,0.24,73947.62,Jul 2024,Q3,0.4737
2024-07-01,East,Home & Living,Lamp,284,478.46,0.15,115500.24,Jul 2024,Q3,0.5294
2024-07-01,East,Home & Living,Curtains,100,241.53,0.18,19805.46,Jul 2024,Q3,0.5122
2024-07-01,East,Home & Living,Cookware Set,293,49.95,0.12,12879.11,Jul 2024,Q3,0.5455
2024-07-01,East,Home & Living,Wall Art,67,273.73,0.19,14855.33,Jul 2024,Q3,0.5062
2024-07-01,East,Sports,Yoga Mat,46,159.17,0.18,6003.89,Jul 2024,Q3,0.5122
2024-07-01,East,Sports,Dumbbells,214,103.31,0.28,15918.0,Jul 2024,Q3,0.4444
2024-07-01,East,Sports,Cycling Gloves,216,87.67,0.28,13634.44,Jul 2024,Q3,0.4444
2024-07-01,East,Sports,Running Shoes,142,146.91,0.25,15645.92,Jul 2024,Q3,0.4667
2024-07-01,East,Sports,Water Bottle,92,57.49,0.15,4495.72,Jul 2024,Q3,0.5294
2024-07-01,West,Electronics,Laptop,32,417.63,0.25,10023.12,Jul 2024,Q3,0.4667
2024-07-01,West,Electronics,Smartphone,41,999.79,0.08,37712.08,Jul 2024,Q3,0.5652
2024-07-01,West,Electronics,Tablet,106,484.54,0.1,46225.12,Jul 2024,Q3,0.5556
2024-07-01,West,Electronics,Headphones,127,984.21,0.12,109995.31,Jul 2024,Q3,0.5455
2024-07-01,West,Electronics,Smart Watch,223,460.74,0.12,90415.62,Jul 2024,Q3,0.5455
2024-07-01,West,Apparel,Jacket,121,41.49,0.22,3915.83,Jul 2024,Q3,0.4872
2024-07-01,West,Apparel,Sneakers,27,90.38,0.22,1903.4,Jul 2024,Q3,0.4872
2024-07-01,West,Apparel,T-Shirt,131,33.69,0.18,3618.98,Jul 2024,Q3,0.5122
2024-07-01,West,Apparel,Jeans,215,51.68,0.22,8666.74,Jul 2024,Q3,0.4872
2024-07-01,West,Apparel,Cap,161,92.39,0.16,12494.82,Jul 2024,Q3,0.5238
2024-07-01,West,Home & Living,Sofa,184,216.7,0.17,33094.42,Jul 2024,Q3,0.5181
2024-07-01,West,Home & Living,Lamp,102,375.21,0.1,34444.28,Jul 2024,Q3,0.5556
2024-07-01,West,Home & Living,Curtains,137,95.14,0.2,10427.34,Jul 2024,Q3,0.5
2024-07-01,West,Home & Living,Cookware Set,112,481.87,0.14,46413.72,Jul 2024,Q3,0.5349
2024-07-01,West,Home & Living,Wall Art,216,437.35,0.22,73684.73,Jul 2024,Q3,0.4872
2024-07-01,West,Sports,Yoga Mat,82,170.23,0.15,11865.03,Jul 2024,Q3,0.5294
2024-07-01,West,Sports,Dumbbells,127,172.45,0.26,16206.85,Jul 2024,Q3,0.4595
2024-07-01,West,Sports,Cycling Gloves,148,181.34,0.06,25228.02,Jul 2024,Q3,0.5745
2024-07-01,West,Sports,Running Shoes,233,151.19,0.25,26420.45,Jul 2024,Q3,0.4667
2024-07-01,West,Sports,Water Bottle,125,162.72,0.13,17695.8,Jul 2024,Q3,0.5402
2024-08-01,North,Electronics,Laptop,230,737.01,0.11,150865.95,Aug 2024,Q3,0.5506
2024-08-01,North,Electronics,Smartphone,68,891.97,0.1,54588.56,Aug 2024,Q3,0.5556
2024-08-01,North,Electronics,Tablet,105,158.78,0.0,16671.9,Aug 2024,Q3,0.6
2024-08-01,North,Electronics,Headphones,133,250.14,0.13,28943.7,Aug 2024,Q3,0.5402
2024-08-01,North,Electronics,Smart Watch,218,165.36,0.2,28838.78,Aug 2024,Q3,0.5
2024-08-01,North,Apparel,Jacket,229,40.63,0.13,8094.71,Aug 2024,Q3,0.5402
2024-08-01,North,Apparel,Sneakers,254,40.34,0.08,9426.65,Aug 2024,Q3,0.5652
2024-08-01,North,Apparel,T-Shirt,17,44.1,0.26,554.78,Aug 2024,Q3,0.4595
2024-08-01,North,Apparel,Jeans,147,44.43,0.11,5812.78,Aug 2024,Q3,0.5506
2024-08-01,North,Apparel,Cap,288,123.51,0.08,32725.21,Aug 2024,Q3,0.5652
2024-08-01,North,Home & Living,Sofa,175,331.37,0.14,49871.18,Aug 2024,Q3,0.5349
2024-08-01,North,Home & Living,Lamp,119,180.84,0.24,16355.17,Aug 2024,Q3,0.4737
2024-08-01,North,Home & Living,Curtains,288,470.99,0.05,128862.86,Aug 2024,Q3,0.5789
2024-08-01,North,Home & Living,Cookware Set,266,266.69,0.25,53204.65,Aug 2024,Q3,0.4667
2024-08-01,North,Home & Living,Wall Art,129,274.52,0.15,30101.12,Aug 2024,Q3,0.5294
2024-08-01,North,Sports,Yoga Mat,264,170.53,0.07,41868.53,Aug 2024,Q3,0.5699
2024-08-01,North,Sports,Dumbbells,191,181.59,0.28,24972.26,Aug 2024,Q3,0.4444
2024-08-01,North,Sports,Cycling Gloves,100,55.88,0.01,5532.12,Aug 2024,Q3,0.596
2024-08-01,North,Sports,Running Shoes,262,171.34,0.12,39504.15,Aug 2024,Q3,0.5455
2024-08-01,North,Sports,Water Bottle,95,154.84,0.01,14562.7,Aug 2024,Q3,0.596
2024-08-01,South,Electronics,Laptop,216,687.22,0.12,130626.78,Aug 2024,Q3,0.5455
2024-08-01,South,Electronics,Smartphone,34,222.79,0.04,7271.87,Aug 2024,Q3,0.5833
2024-08-01,South,Electronics,Tablet,162,390.32,0.1,56908.66,Aug 2024,Q3,0.5556
2024-08-01,South,Electronics,Headphones,206,814.73,0.26,124197.44,Aug 2024,Q3,0.4595
2024-08-01,South,Electronics,Smart Watch,179,900.86,0.2,129003.15,Aug 2024,Q3,0.5
2024-08-01,South,Apparel,Jacket,64,34.31,0.02,2151.92,Aug 2024,Q3,0.5918
2024-08-01,South,Apparel,Sneakers,68,104.32,0.19,5745.95,Aug 2024,Q3,0.5062
2024-08-01,South,Apparel,T-Shirt,269,46.54,0.14,10766.56,Aug 2024,Q3,0.5349
2024-08-01,South,Apparel,Jeans,151,109.1,0.14,14167.73,Aug 2024,Q3,0.5349
2024-08-01,South,Apparel,Cap,127,138.33,0.26,13000.25,Aug 2024,Q3,0.4595
2024-08-01,South,Home & Living,Sofa,239,452.12,0.18,88606.48,Aug 2024,Q3,0.5122
2024-08-01,South,Home & Living,Lamp,157,78.2,0.26,9085.28,Aug 2024,Q3,0.4595
2024-08-01,South,Home & Living,Curtains,153,315.9,0.21,38182.83,Aug 2024,Q3,0.4937
2024-08-01,South,Home & Living,Cookware Set,164,487.5,0.01,79150.5,Aug 2024,Q3,0.596
2024-08-01,South,Home & Living,Wall Art,243,382.83,0.23,71631.32,Aug 2024,Q3,0.4805
2024-08-01,South,Sports,Yoga Mat,285,137.17,0.27,28538.22,Aug 2024,Q3,0.4521
2024-08-01,South,Sports,Dumbbells,20,100.24,0.02,1964.7,Aug 2024,Q3,0.5918
2024-08-01,South,Sports,Cycling Gloves,225,194.88,0.23,33762.96,Aug 2024,Q3,0.4805
2024-08-01,South,Sports,Running Shoes,81,71.99,0.09,5306.38,Aug 2024,Q3,0.5604
2024-08-01,South,Sports,Water Bottle,65,138.06,0.02,8794.42,Aug 2024,Q3,0.5918
2024-08-01,East,Electronics,Laptop,110,328.62,0.3,25303.74,Aug 2024,Q3,0.4286
2024-08-01,East,Electronics,Smartphone,287,658.76,0.04,181501.56,Aug 2024,Q3,0.5833
2024-08-01,East,Electronics,Tablet,275,680.78,0.15,159132.32,Aug 2024,Q3,0.5294
2024-08-01,East,Electronics,Headphones,154,613.83,0.08,86967.43,Aug 2024,Q3,0.5652
2024-08-01,East,Electronics,Smart Watch,235,631.35,0.23,114242.78,Aug 2024,Q3,0.4805
2024-08-01,East,Apparel,Jacket,115,89.94,0.27,7550.46,Aug 2024,Q3,0.4521
2024-08-01,East,Apparel,Sneakers,157,87.96,0.17,11462.07,Aug 2024,Q3,0.5181
2024-08-01,East,Apparel,T-Shirt,47,66.98,0.1,2833.25,Aug 2024,Q3,0.5556
2024-08-01,East,Apparel,Jeans,205,86.8,0.25,13345.5,Aug 2024,Q3,0.4667
2024-08-01,East,Apparel,Cap,86,83.65,0.17,5970.94,Aug 2024,Q3,0.5181
2024-08-01,East,Home & Living,Sofa,290,105.04,0.05,28938.52,Aug 2024,Q3,0.5789
2024-08-01,East,Home & Living,Lamp,140,192.85,0.29,19169.29,Aug 2024,Q3,0.4366
2024-08-01,East,Home & Living,Curtains,81,174.1,0.27,10294.53,Aug 2024,Q3,0.4521
2024-08-01,East,Home & Living,Cookware Set,85,483.68,0.2,32890.24,Aug 2024,Q3,0.5
2024-08-01,East,Home & Living,Wall Art,296,172.31,0.0,51003.76,Aug 2024,Q3,0.6
2024-08-01,East,Sports,Yoga Mat,136,54.09,0.08,6767.74,Aug 2024,Q3,0.5652
2024-08-01,East,Sports,Dumbbells,282,189.49,0.18,43817.67,Aug 2024,Q3,0.5122
2024-08-01,East,Sports,Cycling Gloves,120,154.51,0.05,17614.14,Aug 2024,Q3,0.5789
2024-08-01,East,Sports,Running Shoes,11,187.68,0.11,1837.39,Aug 2024,Q3,0.5506
2024-08-01,East,Sports,Water Bottle,247,48.85,0.1,10859.36,Aug 2024,Q3,0.5556
2024-08-01,West,Electronics,Laptop,125,853.53,0.19,86419.91,Aug 2024,Q3,0.5062
2024-08-01,West,Electronics,Smartphone,146,1031.14,0.07,140008.19,Aug 2024,Q3,0.5699
2024-08-01,West,Electronics,Tablet,280,638.97,0.28,128816.35,Aug 2024,Q3,0.4444
2024-08-01,West,Electronics,Headphones,277,548.74,0.04,145920.94,Aug 2024,Q3,0.5833
2024-08-01,West,Electronics,Smart Watch,282,371.32,0.28,75392.81,Aug 2024,Q3,0.4444
2024-08-01,West,Apparel,Jacket,111,127.49,0.07,13160.79,Aug 2024,Q3,0.5699
2024-08-01,West,Apparel,Sneakers,148,63.19,0.19,7575.22,Aug 2024,Q3,0.5062
2024-08-01,West,Apparel,T-Shirt,282,45.0,0.18,10405.8,Aug 2024,Q3,0.5122
2024-08-01,West,Apparel,Jeans,253,56.07,0.0,14185.71,Aug 2024,Q3,0.6
2024-08-01,West,Apparel,Cap,297,65.1,0.08,17787.92,Aug 2024,Q3,0.5652
2024-08-01,West,Home & Living,Sofa,247,178.8,0.25,33122.7,Aug 2024,Q3,0.4667
2024-08-01,West,Home & Living,Lamp,217,123.98,0.21,21253.89,Aug 2024,Q3,0.4937
2024-08-01,West,Home & Living,Curtains,296,284.63,0.07,78352.95,Aug 2024,Q3,0.5699
2024-08-01,West,Home & Living,Cookware Set,127,459.7,0.27,42618.79,Aug 2024,Q3,0.4521
2024-08-01,West,Home & Living,Wall Art,14,477.0,0.26,4941.72,Aug 2024,Q3,0.4595
2024-08-01,West,Sports,Yoga Mat,53,180.16,0.27,6970.39,Aug 2024,Q3,0.4521
2024-08-01,West,Sports,Dumbbells,96,148.65,0.28,10274.69,Aug 2024,Q3,0.4444
2024-08-01,West,Sports,Cycling Gloves,158,149.64,0.16,19860.22,Aug 2024,Q3,0.5238
2024-08-01,West,Sports,Running Shoes,262,92.43,0.05,23005.83,Aug 2024,Q3,0.5789
2024-08-01,West,Sports,Water Bottle,79,135.15,0.28,7687.33,Aug 2024,Q3,0.4444
2024-09-01,North,Electronics,Laptop,236,744.94,0.1,158225.26,Sep 2024,Q3,0.5556
2024-09-01,North,Electronics,Smartphone,209,1017.88,0.14,182953.75,Sep 2024,Q3,0.5349
2024-09-01,North,Electronics,Tablet,65,246.78,0.24,12190.93,Sep 2024,Q3,0.4737
2024-09-01,North,Electronics,Headphones,197,797.79,0.24,119445.12,Sep 2024,Q3,0.4737
2024-09-01,North,Electronics,Smart Watch,229,1182.75,0.1,243764.77,Sep 2024,Q3,0.5556
2024-09-01,North,Apparel,Jacket,256,23.54,0.3,4218.37,Sep 2024,Q3,0.4286
2024-09-01,North,Apparel,Sneakers,258,66.7,0.14,14799.4,Sep 2024,Q3,0.5349
2024-09-01,North,Apparel,T-Shirt,217,124.74,0.03,26256.52,Sep 2024,Q3,0.5876
2024-09-01,North,Apparel,Jeans,87,93.54,0.17,6754.52,Sep 2024,Q3,0.5181
2024-09-01,North,Apparel,Cap,292,55.85,0.2,13046.56,Sep 2024,Q3,0.5
2024-09-01,North,Home & Living,Sofa,67,48.62,0.12,2866.64,Sep 2024,Q3,0.5455
2024-09-01,North,Home & Living,Lamp,207,219.3,0.25,34046.33,Sep 2024,Q3,0.4667
2024-09-01,North,Home & Living,Curtains,53,564.93,0.02,29342.46,Sep 2024,Q3,0.5918
2024-09-01,North,Home & Living,Cookware Set,109,56.67,0.13,5374.02,Sep 2024,Q3,0.5402
2024-09-01,North,Home & Living,Wall Art,59,265.51,0.2,12532.07,Sep 2024,Q3,0.5
2024-09-01,North,Sports,Yoga Mat,248,182.38,0.05,42968.73,Sep 2024,Q3,0.5789
2024-09-01,North,Sports,Dumbbells,293,70.36,0.29,14636.99,Sep 2024,Q3,0.4366
2024-09-01,North,Sports,Cycling Gloves,168,187.52,0.27,22997.45,Sep 2024,Q3,0.4521
2024-09-01,North,Sports,Running Shoes,134,110.95,0.2,11893.84,Sep 2024,Q3,0.5
2024-09-01,North,Sports,Water Bottle,230,135.03,0.0,31056.9,Sep 2024,Q3,0.6
2024-09-01,South,Electronics,Laptop,131,399.0,0.13,45474.03,Sep 2024,Q3,0.5402
2024-09-01,South,Electronics,Smartphone,280,658.22,0.1,165871.44,Sep 2024,Q3,0.5556
2024-09-01,South,Electronics,Tablet,115,156.7,0.22,14055.99,Sep 2024,Q3,0.4872
2024-09-01,South,Electronics,Headphones,223,1011.45,0.19,182698.21,Sep 2024,Q3,0.5062
2024-09-01,South,Electronics,Smart Watch,260,969.2,0.13,219233.04,Sep 2024,Q3,0.5402
2024-09-01,South,Apparel,Jacket,260,43.55,0.09,10303.93,Sep 2024,Q3,0.5604
2024-09-01,South,Apparel,Sneakers,265,120.92,0.13,27878.11,Sep 2024,Q3,0.5402
2024-09-01,South,Apparel,T-Shirt,83,30.94,0.0,2568.02,Sep 2024,Q3,0.6
2024-09-01,South,Apparel,Jeans,125,29.98,0.28,2698.2,Sep 2024,Q3,0.4444
2024-09-01,South,Apparel,Cap,218,132.89,0.02,28390.62,Sep 2024,Q3,0.5918
2024-09-01,South,Home & Living,Sofa,281,46.33,0.0,13018.73,Sep 2024,Q3,0.6
2024-09-01,South,Home & Living,Lamp,248,256.68,0.16,53471.58,Sep 2024,Q3,0.5238
2024-09-01,South,Home & Living,Curtains,292,105.22,0.06,28880.79,Sep 2024,Q3,0.5745
2024-09-01,South,Home & Living,Cookware Set,21,156.42,0.08,3022.03,Sep 2024,Q3,0.5652
2024-09-01,South,Home & Living,Wall Art,17,286.53,0.26,3604.55,Sep 2024,Q3,0.4595
2024-09-01,South,Sports,Yoga Mat,160,103.58,0.13,14418.34,Sep 2024,Q3,0.5402
2024-09-01,South,Sports,Dumbbells,204,51.09,0.06,9797.02,Sep 2024,Q3,0.5745
2024-09-01,South,Sports,Cycling Gloves,174,60.95,0.11,9438.72,Sep 2024,Q3,0.5506
2024-09-01,South,Sports,Running Shoes,233,84.46,0.21,15546.55,Sep 2024,Q3,0.4937
2024-09-01,South,Sports,Water Bottle,150,74.09,0.09,10113.28,Sep 2024,Q3,0.5604
2024-09-01,East,Electronics,Laptop,240,266.69,0.04,61445.38,Sep 2024,Q3,0.5833
2024-09-01,East,Electronics,Smartphone,297,1015.57,0.11,268445.62,Sep 2024,Q3,0.5506
2024-09-01,East,Electronics,Tablet,299,181.52,0.05,51560.76,Sep 2024,Q3,0.5789
2024-09-01,East,Electronics,Headphones,168,842.39,0.14,121708.51,Sep 2024,Q3,0.5349
2024-09-01,East,Electronics,Smart Watch,196,581.75,0.26,84377.02,Sep 2024,Q3,0.4595
2024-09-01,East,Apparel,Jacket,254,56.26,0.18,11717.83,Sep 2024,Q3,0.5122
2024-09-01,East,Apparel,Sneakers,104,83.99,0.23,6725.92,Sep 2024,Q3,0.4805
2024-09-01,East,Apparel,T-Shirt,208,132.52,0.29,19570.55,Sep 2024,Q3,0.4366
2024-09-01,East,Apparel,Jeans,180,37.56,0.28,4867.78,Sep 2024,Q3,0.4444
2024-09-01,East,Apparel,Cap,153,20.18,0.01,3056.66,Sep 2024,Q3,0.596
2024-09-01,East,Home & Living,Sofa,275,386.44,0.07,98832.03,Sep 2024,Q3,0.5699
2024-09-01,East,Home & Living,Lamp,255,514.18,0.22,102270.4,Sep 2024,Q3,0.4872
2024-09-01,East,Home & Living,Curtains,171,264.48,0.01,44773.82,Sep 2024,Q3,0.596
2024-09-01,East,Home & Living,Cookware Set,19,45.88,0.13,758.4,Sep 2024,Q3,0.5402
2024-09-01,East,Home & Living,Wall Art,133,391.04,0.12,45767.32,Sep 2024,Q3,0.5455
2024-09-01,East,Sports,Yoga Mat,24,105.05,0.02,2470.78,Sep 2024,Q3,0.5918
2024-09-01,East,Sports,Dumbbells,155,38.63,0.26,4430.86,Sep 2024,Q3,0.4595
2024-09-01,East,Sports,Cycling Gloves,182,181.05,0.24,25042.84,Sep 2024,Q3,0.4737
2024-09-01,East,Sports,Running Shoes,173,153.7,0.02,26058.3,Sep 2024,Q3,0.5918
2024-09-01,East,Sports,Water Bottle,158,148.47,0.1,21112.43,Sep 2024,Q3,0.5556
2024-09-01,West,Electronics,Laptop,96,734.41,0.25,52877.52,Sep 2024,Q3,0.4667
2024-09-01,West,Electronics,Smartphone,53,832.28,0.23,33965.35,Sep 2024,Q3,0.4805
2024-09-01,West,Electronics,Tablet,52,150.03,0.0,7801.56,Sep 2024,Q3,0.6
2024-09-01,West,Electronics,Headphones,297,1043.71,0.03,300682.41,Sep 2024,Q3,0.5876
2024-09-01,West,Electronics,Smart Watch,104,548.98,0.03,55381.1,Sep 2024,Q3,0.5876
2024-09-01,West,Apparel,Jacket,221,30.54,0.12,5939.42,Sep 2024,Q3,0.5455
2024-09-01,West,Apparel,Sneakers,63,149.42,0.1,8472.11,Sep 2024,Q3,0.5556
2024-09-01,West,Apparel,T-Shirt,120,83.57,0.21,7922.44,Sep 2024,Q3,0.4937
2024-09-01,West,Apparel,Jeans,170,36.68,0.21,4926.12,Sep 2024,Q3,0.4937
2024-09-01,West,Apparel,Cap,82,75.37,0.23,4758.86,Sep 2024,Q3,0.4805
2024-09-01,West,Home & Living,Sofa,197,310.47,0.07,56881.21,Sep 2024,Q3,0.5699
2024-09-01,West,Home & Living,Lamp,209,302.74,0.16,53149.03,Sep 2024,Q3,0.5238
2024-09-01,West,Home & Living,Curtains,29,586.02,0.02,16654.69,Sep 2024,Q3,0.5918
2024-09-01,West,Home & Living,Cookware Set,276,53.7,0.21,11708.75,Sep 2024,Q3,0.4937
2024-09-01,West,Home & Living,Wall Art,239,586.91,0.04,134660.63,Sep 2024,Q3,0.5833
2024-09-01,West,Sports,Yoga Mat,272,143.33,0.17,32358.18,Sep 2024,Q3,0.5181
2024-09-01,West,Sports,Dumbbells,60,20.81,0.23,961.42,Sep 2024,Q3,0.4805
2024-09-01,West,Sports,Cycling Gloves,127,186.82,0.2,18980.91,Sep 2024,Q3,0.5
2024-09-01,West,Sports,Running Shoes,131,32.88,0.18,3531.97,Sep 2024,Q3,0.5122
2024-09-01,West,Sports,Water Bottle,35,41.55,0.02,1425.16,Sep 2024,Q3,0.5918
2024-10-01,North,Electronics,Laptop,282,261.65,0.14,63455.36,Oct 2024,Q4,0.5349
2024-10-01,North,Electronics,Smartphone,226,585.57,0.19,107194.44,Oct 2024,Q4,0.5062
2024-10-01,North,Electronics,Tablet,96,585.71,0.05,53416.75,Oct 2024,Q4,0.5789
2024-10-01,North,Electronics,Headphones,239,1061.58,0.01,251180.44,Oct 2024,Q4,0.596
2024-10-01,North,Electronics,Smart Watch,141,369.27,0.26,38529.63,Oct 2024,Q4,0.4595
2024-10-01,North,Apparel,Jacket,17,124.39,0.17,1755.14,Oct 2024,Q4,0.5181
2024-10-01,North,Apparel,Sneakers,155,134.24,0.11,18518.41,Oct 2024,Q4,0.5506
2024-10-01,North,Apparel,T-Shirt,26,61.49,0.06,1502.82,Oct 2024,Q4,0.5745
2024-10-01,North,Apparel,Jeans,287,101.91,0.08,26908.32,Oct 2024,Q4,0.5652
2024-10-01,North,Apparel,Cap,262,133.77,0.22,27337.24,Oct 2024,Q4,0.4872
2024-10-01,North,Home & Living,Sofa,209,270.91,0.0,56620.19,Oct 2024,Q4,0.6
2024-10-01,North,Home & Living,Lamp,42,382.22,0.26,11879.4,Oct 2024,Q4,0.4595
2024-10-01,North,Home & Living,Curtains,256,230.38,0.01,58387.51,Oct 2024,Q4,0.596
2024-10-01,North,Home & Living,Cookware Set,181,544.37,0.06,92619.11,Oct 2024,Q4,0.5745
2024-10-01,North,Home & Living,Wall Art,104,365.16,0.24,28862.25,Oct 2024,Q4,0.4737
2024-10-01,North,Sports,Yoga Mat,31,94.62,0.0,2933.22,Oct 2024,Q4,0.6
2024-10-01,North,Sports,Dumbbells,260,51.89,0.19,10928.03,Oct 2024,Q4,0.5062
2024-10-01,North,Sports,Cycling Gloves,274,159.67,0.09,39812.12,Oct 2024,Q4,0.5604
2024-10-01,North,Sports,Running Shoes,260,41.04,0.06,10030.18,Oct 2024,Q4,0.5745
2024-10-01,North,Sports,Water Bottle,38,107.22,0.14,3503.95,Oct 2024,Q4,0.5349
2024-10-01,South,Electronics,Laptop,17,1031.1,0.02,17178.13,Oct 2024,Q4,0.5918
2024-10-01,South,Electronics,Smartphone,25,744.32,0.01,18421.92,Oct 2024,Q4,0.596
2024-10-01,South,Electronics,Tablet,24,966.7,0.14,19952.69,Oct 2024,Q4,0.5349
2024-10-01,South,Electronics,Headphones,275,1143.27,0.05,298679.29,Oct 2024,Q4,0.5789
2024-10-01,South,Electronics,Smart Watch,197,279.45,0.3,38536.15,Oct 2024,Q4,0.4286
2024-10-01,South,Apparel,Jacket,34,69.68,0.0,2369.12,Oct 2024,Q4,0.6
2024-10-01,South,Apparel,Sneakers,101,73.4,0.01,7339.27,Oct 2024,Q4,0.596
2024-10-01,South,Apparel,T-Shirt,77,32.8,0.22,1969.97,Oct 2024,Q4,0.4872
2024-10-01,South,Apparel,Jeans,103,42.04,0.06,4070.31,Oct 2024,Q4,0.5745
2024-10-01,South,Apparel,Cap,184,29.46,0.23,4173.89,Oct 2024,Q4,0.4805
2024-10-01,South,Home & Living,Sofa,44,578.12,0.15,21621.69,Oct 2024,Q4,0.5294
2024-10-01,South,Home & Living,Lamp,202,133.11,0.1,24199.4,Oct 2024,Q4,0.5556
2024-10-01,South,Home & Living,Curtains,229,504.59,0.26,85507.82,Oct 2024,Q4,0.4595
2024-10-01,South,Home & Living,Cookware Set,186,401.8,0.2,59787.84,Oct 2024,Q4,0.5
2024-10-01,South,Home & Living,Wall Art,135,107.07,0.12,12719.92,Oct 2024,Q4,0.5455
2024-10-01,South,Sports,Yoga Mat,55,92.47,0.04,4882.42,Oct 2024,Q4,0.5833
2024-10-01,South,Sports,Dumbbells,74,143.14,0.18,8685.74,Oct 2024,Q4,0.5122
2024-10-01,South,Sports,Cycling Gloves,86,99.63,0.17,7111.59,Oct 2024,Q4,0.5181
2024-10-01,South,Sports,Running Shoes,97,158.24,0.17,12739.9,Oct 2024,Q4,0.5181
2024-10-01,South,Sports,Water Bottle,143,47.19,0.15,5735.94,Oct 2024,Q4,0.5294
2024-10-01,East,Electronics,Laptop,86,612.57,0.21,41618.01,Oct 2024,Q4,0.4937
2024-10-01,East,Electronics,Smartphone,34,485.0,0.03,15995.3,Oct 2024,Q4,0.5876
2024-10-01,East,Electronics,Tablet,84,764.07,0.03,62256.42,Oct 2024,Q4,0.5876
2024-10-01,East,Electronics,Headphones,155,900.13,0.19,113011.32,Oct 2024,Q4,0.5062
2024-10-01,East,Electronics,Smart Watch,162,173.69,0.18,23072.98,Oct 2024,Q4,0.5122
2024-10-01,East,Apparel,Jacket,220,58.45,0.05,12216.05,Oct 2024,Q4,0.5789
2024-10-01,East,Apparel,Sneakers,245,70.02,0.18,14067.02,Oct 2024,Q4,0.5122
2024-10-01,East,Apparel,T-Shirt,79,30.6,0.16,2030.62,Oct 2024,Q4,0.5238
2024-10-01,East,Apparel,Jeans,253,21.9,0.12,4875.82,Oct 2024,Q4,0.5455
2024-10-01,East,Apparel,Cap,177,123.83,0.05,20822.01,Oct 2024,Q4,0.5789
2024-10-01,East,Home & Living,Sofa,78,407.93,0.28,22909.35,Oct 2024,Q4,0.4444
2024-10-01,East,Home & Living,Lamp,118,531.46,0.07,58322.42,Oct 2024,Q4,0.5699
2024-10-01,East,Home & Living,Curtains,18,544.84,0.06,9218.69,Oct 2024,Q4,0.5745
2024-10-01,East,Home & Living,Cookware Set,150,462.08,0.09,63073.92,Oct 2024,Q4,0.5604
2024-10-01,East,Home & Living,Wall Art,69,397.99,0.09,24989.79,Oct 2024,Q4,0.5604
2024-10-01,East,Sports,Yoga Mat,188,72.43,0.02,13344.5,Oct 2024,Q4,0.5918
2024-10-01,East,Sports,Dumbbells,139,147.96,0.11,18304.13,Oct 2024,Q4,0.5506
2024-10-01,East,Sports,Cycling Gloves,108,54.12,0.12,5143.56,Oct 2024,Q4,0.5455
2024-10-01,East,Sports,Running Shoes,153,71.51,0.23,8424.59,Oct 2024,Q4,0.4805
2024-10-01,East,Sports,Water Bottle,279,74.46,0.02,20358.85,Oct 2024,Q4,0.5918
2024-10-01,West,Electronics,Laptop,120,430.79,0.15,43940.58,Oct 2024,Q4,0.5294
2024-10-01,West,Electronics,Smartphone,282,467.59,0.04,126585.96,Oct 2024,Q4,0.5833
2024-10-01,West,Electronics,Tablet,224,1046.0,0.07,217902.72,Oct 2024,Q4,0.5699
2024-10-01,West,Electronics,Headphones,124,471.35,0.13,50849.24,Oct 2024,Q4,0.5402
2024-10-01,West,Electronics,Smart Watch,185,495.26,0.28,65968.63,Oct 2024,Q4,0.4444
2024-10-01,West,Apparel,Jacket,233,124.42,0.02,28410.06,Oct 2024,Q4,0.5918
2024-10-01,West,Apparel,Sneakers,205,102.99,0.29,14990.19,Oct 2024,Q4,0.4366
2024-10-01,West,Apparel,T-Shirt,239,45.29,0.19,8767.69,Oct 2024,Q4,0.5062
2024-10-01,West,Apparel,Jeans,72,86.44,0.25,4667.76,Oct 2024,Q4,0.4667
2024-10-01,West,Apparel,Cap,233,141.4,0.21,26027.5,Oct 2024,Q4,0.4937
2024-10-01,West,Home & Living,Sofa,104,94.18,0.27,7150.15,Oct 2024,Q4,0.4521
2024-10-01,West,Home & Living,Lamp,88,389.88,0.07,31907.78,Oct 2024,Q4,0.5699
2024-10-01,West,Home & Living,Curtains,56,587.23,0.3,23019.42,Oct 2024,Q4,0.4286
2024-10-01,West,Home & Living,Cookware Set,250,175.71,0.05,41731.12,Oct 2024,Q4,0.5789
2024-10-01,West,Home & Living,Wall Art,91,318.15,0.04,27793.58,Oct 2024,Q4,0.5833
2024-10-01,West,Sports,Yoga Mat,218,98.92,0.12,18976.81,Oct 2024,Q4,0.5455
2024-10-01,West,Sports,Dumbbells,31,89.6,0.14,2388.74,Oct 2024,Q4,0.5349
2024-10-01,West,Sports,Cycling Gloves,139,69.2,0.25,7214.1,Oct 2024,Q4,0.4667
2024-10-01,West,Sports,Running Shoes,78,48.81,0.13,3312.25,Oct 2024,Q4,0.5402
2024-10-01,West,Sports,Water Bottle,194,63.46,0.25,9233.43,Oct 2024,Q4,0.4667
2024-11-01,North,Electronics,Laptop,166,276.38,0.13,39914.8,Nov 2024,Q4,0.5402
2024-11-01,North,Electronics,Smartphone,225,473.09,0.21,84091.75,Nov 2024,Q4,0.4937
2024-11-01,North,Electronics,Tablet,115,266.13,0.02,29992.85,Nov 2024,Q4,0.5918
2024-11-01,North,Electronics,Headphones,65,805.9,0.21,41382.97,Nov 2024,Q4,0.4937
2024-11-01,North,Electronics,Smart Watch,198,684.34,0.23,104334.48,Nov 2024,Q4,0.4805
2024-11-01,North,Apparel,Jacket,205,82.82,0.07,15789.63,Nov 2024,Q4,0.5699
2024-11-01,North,Apparel,Sneakers,202,71.82,0.16,12186.42,Nov 2024,Q4,0.5238
2024-11-01,North,Apparel,T-Shirt,18,72.45,0.1,1173.69,Nov 2024,Q4,0.5556
2024-11-01,North,Apparel,Jeans,74,37.81,0.13,2434.21,Nov 2024,Q4,0.5402
2024-11-01,North,Apparel,Cap,194,74.26,0.27,10516.7,Nov 2024,Q4,0.4521
2024-11-01,North,Home & Living,Sofa,51,64.33,0.09,2985.56,Nov 2024,Q4,0.5604
2024-11-01,North,Home & Living,Lamp,216,391.9,0.02,82957.39,Nov 2024,Q4,0.5918
2024-11-01,North,Home & Living,Curtains,123,340.44,0.29,29730.63,Nov 2024,Q4,0.4366
2024-11-01,North,Home & Living,Cookware Set,228,280.84,0.06,60189.63,Nov 2024,Q4,0.5745
2024-11-01,North,Home & Living,Wall Art,74,38.2,0.29,2007.03,Nov 2024,Q4,0.4366
2024-11-01,North,Sports,Yoga Mat,190,84.73,0.16,13522.91,Nov 2024,Q4,0.5238
2024-11-01,North,Sports,Dumbbells,105,105.64,0.24,8430.07,Nov 2024,Q4,0.4737
2024-11-01,North,Sports,Cycling Gloves,297,86.28,0.24,19475.12,Nov 2024,Q4,0.4737
2024-11-01,North,Sports,Running Shoes,54,59.57,0.29,2283.91,Nov 2024,Q4,0.4366
2024-11-01,North,Sports,Water Bottle,106,190.08,0.04,19342.54,Nov 2024,Q4,0.5833
2024-11-01,South,Electronics,Laptop,64,1020.61,0.14,56174.37,Nov 2024,Q4,0.5349
2024-11-01,South,Electronics,Smartphone,44,809.05,0.28,25630.7,Nov 2024,Q4,0.4444
2024-11-01,South,Electronics,Tablet,12,1017.24,0.17,10131.71,Nov 2024,Q4,0.5181
2024-11-01,South,Electronics,Headphones,189,817.43,0.24,117415.65,Nov 2024,Q4,0.4737
2024-11-01,South,Electronics,Smart Watch,135,403.93,0.17,45260.36,Nov 2024,Q4,0.5181
2024-11-01,South,Apparel,Jacket,213,110.49,0.06,22122.31,Nov 2024,Q4,0.5745
2024-11-01,South,Apparel,Sneakers,196,43.42,0.1,7659.29,Nov 2024,Q4,0.5556
2024-11-01,South,Apparel,T-Shirt,224,29.4,0.22,5136.77,Nov 2024,Q4,0.4872
2024-11-01,South,Apparel,Jeans,185,70.28,0.09,11831.64,Nov 2024,Q4,0.5604
2024-11-01,South,Apparel,Cap,154,130.36,0.24,15257.33,Nov 2024,Q4,0.4737
2024-11-01,South,Home & Living,Sofa,282,147.3,0.16,34892.42,Nov 2024,Q4,0.5238
2024-11-01,South,Home & Living,Lamp,192,529.67,0.09,92543.94,Nov 2024,Q4,0.5604
2024-11-01,South,Home & Living,Curtains,54,463.1,0.29,17755.25,Nov 2024,Q4,0.4366
2024-11-01,South,Home & Living,Cookware Set,56,176.53,0.07,9193.68,Nov 2024,Q4,0.5699
2024-11-01,South,Home & Living,Wall Art,28,424.11,0.19,9618.81,Nov 2024,Q4,0.5062
2024-11-01,South,Sports,Yoga Mat,190,66.85,0.13,11050.3,Nov 2024,Q4,0.5402
2024-11-01,South,Sports,Dumbbells,193,79.02,0.24,11590.65,Nov 2024,Q4,0.4737
2024-11-01,South,Sports,Cycling Gloves,127,170.56,0.12,19061.79,Nov 2024,Q4,0.5455
2024-11-01,South,Sports,Running Shoes,58,120.85,0.14,6028.0,Nov 2024,Q4,0.5349
2024-11-01,South,Sports,Water Bottle,143,113.68,0.06,15280.87,Nov 2024,Q4,0.5745
2024-11-01,East,Electronics,Laptop,208,658.92,0.16,115126.5,Nov 2024,Q4,0.5238
2024-11-01,East,Electronics,Smartphone,11,598.46,0.21,5200.62,Nov 2024,Q4,0.4937
2024-11-01,East,Electronics,Tablet,225,864.71,0.02,190668.55,Nov 2024,Q4,0.5918
2024-11-01,East,Electronics,Headphones,243,1176.15,0.17,237217.69,Nov 2024,Q4,0.5181
2024-11-01,East,Electronics,Smart Watch,93,1049.81,0.26,72247.92,Nov 2024,Q4,0.4595
2024-11-01,East,Apparel,Jacket,87,64.41,0.27,4090.68,Nov 2024,Q4,0.4521
2024-11-01,East,Apparel,Sneakers,287,129.47,0.06,34928.42,Nov 2024,Q4,0.5745
2024-11-01,East,Apparel,T-Shirt,57,46.91,0.11,2379.74,Nov 2024,Q4,0.5506
2024-11-01,East,Apparel,Jeans,78,75.95,0.16,4976.24,Nov 2024,Q4,0.5238
2024-11-01,East,Apparel,Cap,280,57.24,0.25,12020.4,Nov 2024,Q4,0.4667
2024-11-01,East,Home & Living,Sofa,115,573.28,0.28,47467.58,Nov 2024,Q4,0.4444
2024-11-01,East,Home & Living,Lamp,128,443.87,0.09,51701.98,Nov 2024,Q4,0.5604
2024-11-01,East,Home & Living,Curtains,266,124.77,0.19,26882.94,Nov 2024,Q4,0.5062
2024-11-01,East,Home & Living,Cookware Set,141,99.21,0.06,13149.29,Nov 2024,Q4,0.5745
2024-11-01,East,Home & Living,Wall Art,134,373.41,0.16,42031.03,Nov 2024,Q4,0.5238
2024-11-01,East,Sports,Yoga Mat,148,58.92,0.23,6714.52,Nov 2024,Q4,0.4805
2024-11-01,East,Sports,Dumbbells,262,116.05,0.1,27364.59,Nov 2024,Q4,0.5556
2024-11-01,East,Sports,Cycling Gloves,176,147.69,0.25,19495.08,Nov 2024,Q4,0.4667
2024-11-01,East,Sports,Running Shoes,198,12.28,0.17,2018.1,Nov 2024,Q4,0.5181
2024-11-01,East,Sports,Water Bottle,251,74.08,0.05,17664.38,Nov 2024,Q4,0.5789
2024-11-01,West,Electronics,Laptop,66,398.44,0.03,25508.13,Nov 2024,Q4,0.5876
2024-11-01,West,Electronics,Smartphone,292,418.12,0.14,104998.29,Nov 2024,Q4,0.5349
2024-11-01,West,Electronics,Tablet,288,188.28,0.01,53682.39,Nov 2024,Q4,0.596
2024-11-01,West,Electronics,Headphones,241,1140.97,0.19,222728.75,Nov 2024,Q4,0.5062
2024-11-01,West,Electronics,Smart Watch,255,836.48,0.07,198371.23,Nov 2024,Q4,0.5699
2024-11-01,West,Apparel,Jacket,186,146.11,0.21,21469.4,Nov 2024,Q4,0.4937
2024-11-01,West,Apparel,Sneakers,51,79.23,0.08,3717.47,Nov 2024,Q4,0.5652
2024-11-01,West,Apparel,T-Shirt,149,27.31,0.18,3336.74,Nov 2024,Q4,0.5122
2024-11-01,West,Apparel,Jeans,191,64.63,0.15,10492.68,Nov 2024,Q4,0.5294
2024-11-01,West,Apparel,Cap,85,116.65,0.21,7833.05,Nov 2024,Q4,0.4937
2024-11-01,West,Home & Living,Sofa,136,358.13,0.17,40425.71,Nov 2024,Q4,0.5181
2024-11-01,West,Home & Living,Lamp,197,336.28,0.22,51672.78,Nov 2024,Q4,0.4872
2024-11-01,West,Home & Living,Curtains,178,145.02,0.23,19876.44,Nov 2024,Q4,0.4805
2024-11-01,West,Home & Living,Cookware Set,264,242.61,0.21,50598.74,Nov 2024,Q4,0.4937
2024-11-01,West,Home & Living,Wall Art,160,114.34,0.06,17196.74,Nov 2024,Q4,0.5745
2024-11-01,West,Sports,Yoga Mat,160,169.34,0.24,20591.74,Nov 2024,Q4,0.4737
2024-11-01,West,Sports,Dumbbells,99,112.29,0.27,8115.2,Nov 2024,Q4,0.4521
2024-11-01,West,Sports,Cycling Gloves,191,45.52,0.13,7564.06,Nov 2024,Q4,0.5402
2024-11-01,West,Sports,Running Shoes,67,73.11,0.21,3869.71,Nov 2024,Q4,0.4937
2024-11-01,West,Sports,Water Bottle,209,54.76,0.09,10414.8,Nov 2024,Q4,0.5604
2024-12-01,North,Electronics,Laptop,230,556.58,0.19,103690.85,Dec 2024,Q4,0.5062
2024-12-01,North,Electronics,Smartphone,290,575.41,0.26,123482.99,Dec 2024,Q4,0.4595
2024-12-01,North,Electronics,Tablet,72,836.27,0.04,57802.98,Dec 2024,Q4,0.5833
2024-12-01,North,Electronics,Headphones,216,456.28,0.11,87715.27,Dec 2024,Q4,0.5506
2024-12-01,North,Electronics,Smart Watch,227,274.15,0.2,49785.64,Dec 2024,Q4,0.5
2024-12-01,North,Apparel,Jacket,99,106.42,0.12,9271.31,Dec 2024,Q4,0.5455
2024-12-01,North,Apparel,Sneakers,208,141.42,0.15,25003.06,Dec 2024,Q4,0.5294
2024-12-01,North,Apparel,T-Shirt,177,86.88,0.11,13686.21,Dec 2024,Q4,0.5506
2024-12-01,North,Apparel,Jeans,194,132.37,0.12,22598.21,Dec 2024,Q4,0.5455
2024-12-01,North,Apparel,Cap,204,30.82,0.02,6161.53,Dec 2024,Q4,0.5918
2024-12-01,North,Home & Living,Sofa,205,501.08,0.02,100666.97,Dec 2024,Q4,0.5918
2024-12-01,North,Home & Living,Lamp,165,316.57,0.2,41787.24,Dec 2024,Q4,0.5
2024-12-01,North,Home & Living,Curtains,54,199.78,0.14,9277.78,Dec 2024,Q4,0.5349
2024-12-01,North,Home & Living,Cookware Set,16,244.24,0.0,3907.84,Dec 2024,Q4,0.6
2024-12-01,North,Home & Living,Wall Art,51,286.63,0.11,13010.14,Dec 2024,Q4,0.5506
2024-12-01,North,Sports,Yoga Mat,137,63.55,0.06,8183.97,Dec 2024,Q4,0.5745
2024-12-01,North,Sports,Dumbbells,222,45.87,0.12,8961.16,Dec 2024,Q4,0.5455
2024-12-01,North,Sports,Cycling Gloves,175,31.27,0.18,4487.24,Dec 2024,Q4,0.5122
2024-12-01,North,Sports,Running Shoes,230,106.83,0.27,17936.76,Dec 2024,Q4,0.4521
2024-12-01,North,Sports,Water Bottle,80,192.79,0.15,13109.72,Dec 2024,Q4,0.5294
2024-12-01,South,Electronics,Laptop,191,1084.96,0.29,147131.43,Dec 2024,Q4,0.4366
2024-12-01,South,Electronics,Smartphone,28,575.22,0.02,15784.04,Dec 2024,Q4,0.5918
2024-12-01,South,Electronics,Tablet,162,611.54,0.03,96097.4,Dec 2024,Q4,0.5876
2024-12-01,South,Electronics,Headphones,193,1164.89,0.27,164121.35,Dec 2024,Q4,0.4521
2024-12-01,South,Electronics,Smart Watch,284,1145.79,0.16,273339.66,Dec 2024,Q4,0.5238
2024-12-01,South,Apparel,Jacket,26,89.44,0.06,2185.91,Dec 2024,Q4,0.5745
2024-12-01,South,Apparel,Sneakers,255,89.33,0.29,16173.2,Dec 2024,Q4,0.4366
2024-12-01,South,Apparel,T-Shirt,206,129.85,0.03,25946.63,Dec 2024,Q4,0.5876
2024-12-01,South,Apparel,Jeans,155,106.84,0.25,12420.15,Dec 2024,Q4,0.4667
2024-12-01,South,Apparel,Cap,288,65.1,0.15,15936.48,Dec 2024,Q4,0.5294
2024-12-01,South,Home & Living,Sofa,223,432.13,0.23,74201.04,Dec 2024,Q4,0.4805
2024-12-01,South,Home & Living,Lamp,19,399.53,0.13,6604.23,Dec 2024,Q4,0.5402
2024-12-01,South,Home & Living,Curtains,36,527.34,0.14,16326.45,Dec 2024,Q4,0.5349
2024-12-01,South,Home & Living,Cookware Set,263,104.91,0.17,22900.8,Dec 2024,Q4,0.5181
2024-12-01,South,Home & Living,Wall Art,210,576.14,0.1,108890.46,Dec 2024,Q4,0.5556
2024-12-01,South,Sports,Yoga Mat,13,40.52,0.05,500.42,Dec 2024,Q4,0.5789
2024-12-01,South,Sports,Dumbbells,168,19.37,0.12,2863.66,Dec 2024,Q4,0.5455
2024-12-01,South,Sports,Cycling Gloves,10,145.12,0.0,1451.2,Dec 2024,Q4,0.6
2024-12-01,South,Sports,Running Shoes,155,159.4,0.12,21742.16,Dec 2024,Q4,0.5455
2024-12-01,South,Sports,Water Bottle,261,103.5,0.3,18909.45,Dec 2024,Q4,0.4286
2024-12-01,East,Electronics,Laptop,188,371.52,0.14,60067.35,Dec 2024,Q4,0.5349
2024-12-01,East,Electronics,Smartphone,12,290.47,0.1,3137.08,Dec 2024,Q4,0.5556
2024-12-01,East,Electronics,Tablet,16,416.68,0.08,6133.53,Dec 2024,Q4,0.5652
2024-12-01,East,Electronics,Headphones,220,581.7,0.12,112617.12,Dec 2024,Q4,0.5455
2024-12-01,East,Electronics,Smart Watch,13,1065.17,0.21,10939.3,Dec 2024,Q4,0.4937
2024-12-01,East,Apparel,Jacket,65,121.1,0.11,7005.64,Dec 2024,Q4,0.5506
2024-12-01,East,Apparel,Sneakers,282,50.21,0.23,10902.6,Dec 2024,Q4,0.4805
2024-12-01,East,Apparel,T-Shirt,75,110.14,0.24,6277.98,Dec 2024,Q4,0.4737
2024-12-01,East,Apparel,Jeans,236,147.91,0.02,34208.62,Dec 2024,Q4,0.5918
2024-12-01,East,Apparel,Cap,190,89.09,0.13,14726.58,Dec 2024,Q4,0.5402
2024-12-01,East,Home & Living,Sofa,137,220.25,0.27,22027.2,Dec 2024,Q4,0.4521
2024-12-01,East,Home & Living,Lamp,193,283.44,0.13,47592.41,Dec 2024,Q4,0.5402
2024-12-01,East,Home & Living,Curtains,75,401.91,0.13,26224.63,Dec 2024,Q4,0.5402
2024-12-01,East,Home & Living,Cookware Set,208,123.23,0.19,20761.79,Dec 2024,Q4,0.5062
2024-12-01,East,Home & Living,Wall Art,175,94.96,0.25,12463.5,Dec 2024,Q4,0.4667
2024-12-01,East,Sports,Yoga Mat,174,57.84,0.25,7548.12,Dec 2024,Q4,0.4667
2024-12-01,East,Sports,Dumbbells,252,141.41,0.24,27082.84,Dec 2024,Q4,0.4737
2024-12-01,East,Sports,Cycling Gloves,234,109.6,0.2,20517.12,Dec 2024,Q4,0.5
2024-12-01,East,Sports,Running Shoes,101,24.3,0.03,2380.67,Dec 2024,Q4,0.5876
2024-12-01,East,Sports,Water Bottle,137,83.47,0.25,8576.54,Dec 2024,Q4,0.4667
2024-12-01,West,Electronics,Laptop,62,1026.72,0.08,58564.11,Dec 2024,Q4,0.5652
2024-12-01,West,Electronics,Smartphone,134,329.13,0.18,36164.8,Dec 2024,Q4,0.5122
2024-12-01,West,Electronics,Tablet,20,175.88,0.29,2497.5,Dec 2024,Q4,0.4366
2024-12-01,West,Electronics,Headphones,55,172.73,0.15,8075.13,Dec 2024,Q4,0.5294
2024-12-01,West,Electronics,Smart Watch,168,417.85,0.06,65986.87,Dec 2024,Q4,0.5745
2024-12-01,West,Apparel,Jacket,219,97.05,0.14,18278.4,Dec 2024,Q4,0.5349
2024-12-01,West,Apparel,Sneakers,239,103.34,0.02,24204.29,Dec 2024,Q4,0.5918
2024-12-01,West,Apparel,T-Shirt,186,106.04,0.21,15581.52,Dec 2024,Q4,0.4937
2024-12-01,West,Apparel,Jeans,264,61.04,0.01,15953.41,Dec 2024,Q4,0.596
2024-12-01,West,Apparel,Cap,268,135.81,0.02,35669.14,Dec 2024,Q4,0.5918
2024-12-01,West,Home & Living,Sofa,164,270.14,0.26,32784.19,Dec 2024,Q4,0.4595
2024-12-01,West,Home & Living,Lamp,273,220.32,0.19,48719.36,Dec 2024,Q4,0.5062
2024-12-01,West,Home & Living,Curtains,257,279.69,0.16,60379.48,Dec 2024,Q4,0.5238
2024-12-01,West,Home & Living,Cookware Set,280,444.65,0.06,117031.88,Dec 2024,Q4,0.5745
2024-12-01,West,Home & Living,Wall Art,46,509.0,0.01,23179.86,Dec 2024,Q4,0.596
2024-12-01,West,Sports,Yoga Mat,175,63.97,0.3,7836.32,Dec 2024,Q4,0.4286
2024-12-01,West,Sports,Dumbbells,99,145.97,0.21,11416.31,Dec 2024,Q4,0.4937
2024-12-01,West,Sports,Cycling Gloves,51,34.67,0.2,1414.54,Dec 2024,Q4,0.5
2024-12-01,West,Sports,Running Shoes,138,72.43,0.18,8196.18,Dec 2024,Q4,0.5122
2024-12-01,West,Sports,Water Bottle,62,20.68,0.22,1000.08,Dec 2024,Q4,0.4872
